Img no,sp_id,cent_X,cent_Y,width,height,area,grayavg,eccentricity
0.0,1.0,25.757489300998575,21.261055634807416,53.0,49.0,2103.0,58.0,0.5355401690198203
0.0,2.0,18.215,60.46375,42.0,61.0,1600.0,73.0,0.49985711620482814
0.0,3.0,23.3570800351803,105.8500439753738,60.0,71.0,2274.0,191.0,0.37509388198987753
0.0,4.0,23.839269406392695,153.73333333333332,54.0,48.0,2190.0,44.0,0.47052219860129935
0.0,5.0,22.523922311700616,198.79535765040265,47.0,49.0,2111.0,40.0,0.3188483944460159
0.0,6.0,20.844734819369716,239.010760953113,61.0,38.0,1301.0,118.0,0.7281568029686865
0.0,7.0,24.283913262733233,273.4266263237519,53.0,52.0,1983.0,63.0,0.37894552720746044
0.0,8.0,21.411534154535275,314.6343784994401,47.0,42.0,1786.0,104.0,0.4738408712970173
0.0,9.0,20.826061663757997,354.2803955788249,46.0,41.0,1719.0,89.0,0.41309274229013404
0.0,10.0,21.256237006237008,396.96985446985445,46.0,49.0,1924.0,64.0,0.31357279462238125
0.0,11.0,16.235492577597842,441.7085020242915,36.0,51.0,1482.0,111.0,0.66244503329249
0.0,12.0,20.487885985748218,488.01377672209026,45.0,54.0,2105.0,42.0,0.5200853008996925
0.0,13.0,21.219228982814677,539.4398513701811,48.0,54.0,2153.0,67.0,0.567569805639784
0.0,14.0,20.355984217448487,590.5291538798773,48.0,60.0,2281.0,177.0,0.5601293765824062
0.0,15.0,19.900299102691925,642.8434695912263,48.0,51.0,2006.0,61.0,0.46998992472494455
0.0,16.0,22.651574803149607,691.5339566929134,54.0,48.0,2032.0,72.0,0.46983894070610605
0.0,17.0,20.459989112683722,735.845944474687,47.0,45.0,1837.0,56.0,0.4038642702009439
0.0,18.0,20.75715859030837,778.897026431718,46.0,45.0,1816.0,69.0,0.2693069259941904
0.0,19.0,22.606806282722513,820.565445026178,46.0,44.0,1910.0,67.0,0.3781923763091601
0.0,20.0,20.155913978494624,863.7731182795699,42.0,46.0,1860.0,58.0,0.3517336329681716
0.0,21.0,20.6144578313253,908.7710843373494,42.0,46.0,1909.0,51.0,0.3858650328002565
0.0,22.0,78.72005044136192,226.58448928121058,117.0,74.0,1586.0,197.0,0.7850047311790246
0.0,23.0,60.47305674773486,664.6928946113495,56.0,59.0,2097.0,174.0,0.3369854428717909
0.0,24.0,57.844466114090686,439.465626523647,52.0,47.0,2051.0,42.0,0.5432972200059252
0.0,25.0,60.70260955194485,615.2904972919744,52.0,50.0,2031.0,49.0,0.301853827969223
0.0,26.0,61.2495894909688,522.703886152162,49.0,45.0,1827.0,37.0,0.34860656345356766
0.0,27.0,66.85541044776119,567.7336753731344,57.0,49.0,2144.0,50.0,0.37445347515100047
0.0,28.0,63.98788612961841,399.80496668685646,52.0,44.0,1651.0,127.0,0.39781795281239346
0.0,29.0,61.78672199170124,70.86058091286307,57.0,66.0,2410.0,69.0,0.6833925589366224
0.0,30.0,62.46044528659403,719.7096162955945,50.0,57.0,2111.0,186.0,0.6148967197481188
0.0,31.0,66.80445151033386,258.29411764705884,60.0,50.0,1887.0,72.0,0.5822751964490724
0.0,32.0,63.16467236467236,480.4991452991453,46.0,44.0,1755.0,42.0,0.19926812541683006
0.0,33.0,62.47549267306721,769.8711470439616,49.0,50.0,1979.0,52.0,0.42388851963054647
0.0,34.0,62.47061882475299,357.3541341653666,48.0,49.0,1923.0,100.0,0.46071114956661635
0.0,35.0,62.14809000523286,862.8901098901099,45.0,48.0,1911.0,59.0,0.3780530811901464
0.0,36.0,62.89009849663038,139.67340590979782,48.0,68.0,1929.0,92.0,0.7549296729658741
0.0,37.0,67.39659685863874,307.97513089005236,52.0,53.0,2292.0,55.0,0.3345004145325443
0.0,38.0,62.621718991250646,908.4065877509007,43.0,46.0,1943.0,57.0,0.4008397851135144
0.0,39.0,66.09150326797386,199.14881850175968,52.0,59.0,1989.0,82.0,0.6525568240769619
0.0,40.0,68.65913370998116,817.653483992467,49.0,51.0,2124.0,55.0,0.33211903268872783
0.0,41.0,78.91441287230401,30.84868195823348,74.0,102.0,2921.0,191.0,0.7879961243575957
0.0,42.0,97.61424454508028,99.65664882667764,66.0,102.0,2429.0,153.0,0.4615908924904063
0.0,43.0,100.52154448796867,692.6558477895915,49.0,46.0,1787.0,72.0,0.3012455532067026
0.0,44.0,95.53977272727273,145.86079545454547,38.0,50.0,1408.0,72.0,0.7868647949590486
0.0,45.0,103.8839427662957,649.7811340752518,50.0,44.0,1887.0,50.0,0.5071253781542683
0.0,46.0,103.66993998908893,735.8897981451173,48.0,45.0,1833.0,112.0,0.39936306951314143
0.0,47.0,109.43503368623676,185.92829643888354,57.0,69.0,2078.0,170.0,0.391737780299925
0.0,48.0,104.26884019241048,607.5734901122395,50.0,47.0,1871.0,61.0,0.5466072281167633
0.0,49.0,102.59333333333333,351.96722222222223,44.0,49.0,1800.0,61.0,0.5929883992846681
0.0,50.0,105.60842433697348,779.2184087363495,49.0,48.0,1923.0,42.0,0.46597085651930387
0.0,51.0,107.8158357771261,276.9143695014663,55.0,54.0,1705.0,81.0,0.583900465363701
0.0,52.0,103.9959040374488,396.52018724400233,44.0,46.0,1709.0,83.0,0.4151500917469555
0.0,53.0,104.30489731437599,523.9568193786204,48.0,48.0,1899.0,36.0,0.5166346038711878
0.0,54.0,109.60649651972157,439.1132250580046,52.0,47.0,2155.0,38.0,0.5281366978640141
0.0,55.0,104.5310421286031,480.9268292682927,45.0,45.0,1804.0,40.0,0.16080439466786858
0.0,56.0,105.04764318297009,864.4333502280791,47.0,50.0,1973.0,50.0,0.45112175949900196
0.0,57.0,104.75451647183847,909.5797024442082,44.0,45.0,1882.0,56.0,0.36017856099606066
0.0,58.0,143.31822206481317,259.75934124313795,109.0,193.0,5647.0,195.0,0.9365339408540656
0.0,59.0,116.34246575342466,566.4205986808727,58.0,51.0,1971.0,67.0,0.5581462088380394
0.0,60.0,131.69988545246278,64.45895379915999,84.0,107.0,2619.0,172.0,0.7650016072287479
0.0,61.0,117.61939931068439,821.0905957656327,55.0,52.0,2031.0,65.0,0.5273704602127722
0.0,62.0,126.38730343622598,230.88177052999418,54.0,49.0,1717.0,86.0,0.7123517970671305
0.0,63.0,130.12074148296594,16.968937875751504,62.0,41.0,1996.0,187.0,0.7408315068964595
0.0,64.0,155.23812124522118,118.04451119606772,107.0,149.0,3662.0,190.0,0.8954016466072379
0.0,65.0,148.7566823899371,346.57547169811323,62.0,111.0,2544.0,200.0,0.784325987545446
0.0,66.0,143.81973140495867,691.407541322314,45.0,47.0,1936.0,38.0,0.26483766759403504
0.0,67.0,148.16459627329192,534.25983436853,50.0,56.0,1932.0,52.0,0.47856014593917245
0.0,68.0,145.15438596491228,395.0280701754386,46.0,52.0,1995.0,39.0,0.5137471523646009
0.0,69.0,147.5150778210117,487.5749027237354,50.0,52.0,2056.0,40.0,0.44288074138816785
0.0,70.0,146.51717557251908,905.6192748091603,46.0,51.0,2096.0,42.0,0.546390109927969
0.0,71.0,148.79060052219322,600.7890339425587,49.0,55.0,1915.0,60.0,0.37791522175907566
0.0,72.0,148.25474525474525,646.0674325674325,47.0,47.0,2002.0,41.0,0.3022877854797489
0.0,73.0,145.27272727272728,735.1922234392114,43.0,47.0,1826.0,76.0,0.43379103392317225
0.0,74.0,150.29118217054264,857.7068798449612,51.0,55.0,2064.0,45.0,0.39172775889501193
0.0,75.0,152.28306878306879,780.3915343915344,52.0,58.0,2268.0,173.0,0.5669569640896984
0.0,76.0,163.4638146167558,434.995008912656,59.0,86.0,2805.0,79.0,0.7076062071487823
0.0,77.0,155.61442163244868,108.06659989984978,42.0,71.0,1997.0,70.0,0.7661221979934509
0.0,78.0,159.18901660280972,188.88058748403577,43.0,65.0,1566.0,127.0,0.7044086431231577
0.0,79.0,175.65989847715736,819.3977849561605,56.0,57.0,2167.0,69.0,0.4261322901019564
0.0,80.0,178.88757006264424,35.704912627761296,59.0,95.0,3033.0,103.0,0.7810463697916188
0.0,81.0,179.40581929555896,565.9453802960694,56.0,50.0,1959.0,200.0,0.6020740674446161
0.0,82.0,177.80656770130454,304.7764282501125,55.0,56.0,2223.0,155.0,0.5919988038592174
0.0,83.0,186.95158002038735,249.0586136595311,59.0,61.0,1962.0,154.0,0.6388963658335519
0.0,84.0,190.40893470790377,356.10849288168873,71.0,57.0,2037.0,187.0,0.6520485485577986
0.0,85.0,187.5301837270341,690.9853018372703,48.0,46.0,1905.0,45.0,0.11559570775999504
0.0,86.0,188.3744315310763,909.1824153612936,47.0,49.0,1979.0,39.0,0.4129485269727368
0.0,87.0,194.56817124243835,521.6845044206608,53.0,72.0,2149.0,191.0,0.34113891029997667
0.0,88.0,187.68930041152262,736.0992798353909,46.0,51.0,1944.0,43.0,0.4630984258751755
0.0,89.0,191.20209376422395,471.2294037323623,48.0,107.0,2197.0,168.0,0.8574682088487499
0.0,90.0,191.6377726750861,607.154420206659,45.0,49.0,1742.0,170.0,0.472123574422431
0.0,91.0,191.9650969529086,649.190027700831,47.0,46.0,1805.0,60.0,0.30357040358141585
0.0,92.0,200.71761219305674,864.0910245554614,64.0,55.0,2362.0,184.0,0.5715160655049623
0.0,93.0,195.99421357180432,151.7695949500263,45.0,57.0,1901.0,82.0,0.5273712603474489
0.0,94.0,243.61659767396017,207.4815690912675,143.0,221.0,5073.0,202.0,0.8982317944486048
0.0,95.0,205.02890995260663,780.2829383886256,56.0,55.0,2110.0,94.0,0.5163223782777594
0.0,96.0,195.79347826086956,402.3498023715415,30.0,51.0,1012.0,50.0,0.8858938591773367
0.0,97.0,202.32886597938145,109.47835051546392,30.0,48.0,970.0,92.0,0.8416626503050474
0.0,98.0,222.6242487588189,43.354847138750976,53.0,107.0,3827.0,150.0,0.8821067405964282
0.0,99.0,221.0519415027736,444.71810388300554,52.0,79.0,1983.0,130.0,0.5688267738373254
0.0,100.0,225.32550171316691,274.15320606950564,57.0,47.0,2043.0,42.0,0.5400869476182012
0.0,101.0,223.02968664101155,315.2105552501374,49.0,44.0,1819.0,77.0,0.5413598013961652
0.0,102.0,226.87254025044723,821.5764758497317,50.0,62.0,2236.0,74.0,0.4541997852722857
0.0,103.0,227.72207375734902,398.60876536611437,46.0,50.0,1871.0,51.0,0.5292322239982316
0.0,104.0,231.4914703493095,239.46222583265637,55.0,36.0,1231.0,160.0,0.8117617420158656
0.0,105.0,227.5063725490196,565.7362745098039,51.0,53.0,2040.0,60.0,0.4758028289910042
0.0,106.0,230.75526992287917,698.7748071979435,49.0,47.0,1945.0,44.0,0.2273620750359962
0.0,107.0,231.80200105318588,742.3891521853607,49.0,54.0,1899.0,83.0,0.35530442136476376
0.0,108.0,232.9726962457338,354.37713310580205,46.0,50.0,1758.0,117.0,0.3337208159132533
0.0,109.0,244.01159017153455,524.9448307834956,67.0,56.0,2157.0,179.0,0.5571111169305895
0.0,110.0,232.9909090909091,906.8427272727273,48.0,55.0,2200.0,48.0,0.48062742729825614
0.0,111.0,233.22589238145977,610.0420884389983,47.0,47.0,1877.0,76.0,0.1822615196936727
0.0,112.0,235.4774728120145,653.7519419989643,48.0,47.0,1931.0,49.0,0.14861190781315473
0.0,113.0,242.29,189.91521739130434,59.0,63.0,2300.0,126.0,0.5860566813265998
0.0,114.0,238.09973924380705,483.29856584093875,42.0,49.0,1534.0,56.0,0.6045492575686233
0.0,115.0,238.59933110367894,141.8113712374582,42.0,51.0,1495.0,68.0,0.6287304330749677
0.0,116.0,256.2911805879608,864.7148856742883,55.0,55.0,2143.0,74.0,0.39950440349896876
0.0,117.0,261.9734831460674,779.4431460674157,56.0,52.0,2225.0,198.0,0.5454450664864511
0.0,118.0,264.65579528349224,62.521324636226794,49.0,45.0,1993.0,47.0,0.45796009548213307
0.0,119.0,266.0,105.89656793606018,51.0,49.0,2127.0,59.0,0.4156202491633009
0.0,120.0,265.57686567164177,264.6761194029851,42.0,64.0,1340.0,73.0,0.7425862618607587
0.0,121.0,266.67099792099793,445.5025987525988,48.0,48.0,1924.0,43.0,0.346902323145991
0.0,122.0,267.09605774569684,314.0155469183787,46.0,50.0,1801.0,90.0,0.4304238228609286
0.0,123.0,269.51749734888654,20.591728525980912,45.0,45.0,1886.0,41.0,0.37795300421396677
0.0,124.0,270.03068783068784,401.64338624338626,47.0,47.0,1890.0,53.0,0.26463277911793004
0.0,125.0,276.1525704809287,557.318407960199,53.0,53.0,1809.0,74.0,0.3787129534170428
0.0,126.0,274.189259645464,691.1751824817518,48.0,47.0,1918.0,47.0,0.36549743997057127
0.0,127.0,273.6978193146417,822.5472481827622,45.0,54.0,1926.0,42.0,0.36304138150386867
0.0,128.0,275.9064532266133,156.02851425712856,48.0,59.0,1999.0,46.0,0.6753551244002864
0.0,129.0,275.449772841999,600.8960121150934,54.0,47.0,1981.0,56.0,0.31484861652963886
0.0,130.0,274.5198261814231,357.9592612710483,46.0,48.0,1841.0,40.0,0.29981578539969833
0.0,131.0,277.34645669291336,735.5871062992126,47.0,50.0,2032.0,71.0,0.31273643494951775
0.0,132.0,278.709169831796,489.45469343461747,48.0,51.0,1843.0,61.0,0.5154938993874832
0.0,133.0,278.82583377448384,646.7474854420328,51.0,48.0,1889.0,180.0,0.41285976080500564
0.0,134.0,281.14119749776586,909.1403038427167,51.0,52.0,2238.0,39.0,0.3067984741864865
0.0,135.0,293.9432358939497,211.71142080217538,70.0,61.0,2942.0,138.0,0.5147332839578528
0.0,136.0,303.4246430460074,525.9529349550502,54.0,54.0,1891.0,58.0,0.4127997850483665
0.0,137.0,306.85555039479794,866.2861124013006,51.0,55.0,2153.0,42.0,0.2351821912273455
0.0,138.0,308.4808831448573,440.8912224017232,47.0,51.0,1857.0,133.0,0.4429899425685804
0.0,139.0,307.82068577852726,309.5092748735245,45.0,51.0,1779.0,62.0,0.5272585176630472
0.0,140.0,310.93617021276594,63.32508659079664,46.0,49.0,2021.0,58.0,0.26823634847662153
0.0,141.0,312.4611470860315,109.84320074005551,47.0,50.0,2162.0,55.0,0.3438366821437489
0.0,142.0,340.53884795713327,615.1888814467515,155.0,79.0,2986.0,203.0,0.952616023955734
0.0,143.0,312.8284725654968,778.9125061789422,50.0,48.0,2023.0,149.0,0.4649367265431181
0.0,144.0,315.3674463937622,161.10526315789474,58.0,61.0,2052.0,84.0,0.5577009138957845
0.0,145.0,314.07364544976326,396.8779589689637,46.0,47.0,1901.0,53.0,0.37668051347232295
0.0,146.0,312.6317296678121,20.040664375715924,43.0,42.0,1746.0,53.0,0.24435015353099404
0.0,147.0,316.4748124330118,352.7674169346195,46.0,47.0,1866.0,46.0,0.3306791603757676
0.0,148.0,319.50739371534195,575.307763401109,51.0,54.0,2164.0,64.0,0.40673325518974485
0.0,149.0,314.70675830469645,821.8046964490263,41.0,48.0,1746.0,42.0,0.42606012521749687
0.0,150.0,317.02448132780086,687.4423236514523,48.0,69.0,2410.0,202.0,0.7315755850771264
0.0,151.0,340.4542682926829,256.672256097561,119.0,123.0,3936.0,192.0,0.7310853582072008
0.0,152.0,324.70197044334975,483.7266009852217,51.0,53.0,2030.0,90.0,0.316108110229181
0.0,153.0,323.02894870492634,736.546470289487,49.0,50.0,1969.0,64.0,0.34118892350563795
0.0,154.0,334.1973410884919,910.2152056501869,65.0,51.0,2407.0,120.0,0.5887094300153747
0.0,155.0,349.1442163244867,648.5272909364046,54.0,53.0,1997.0,87.0,0.43943516368378516
0.0,156.0,347.48031113271753,529.7768595041322,49.0,57.0,2057.0,48.0,0.4227250023893647
0.0,157.0,351.7147007553748,307.04997094712377,54.0,46.0,1721.0,68.0,0.566711672157278
0.0,158.0,354.06581986143186,148.9376443418014,50.0,44.0,1732.0,55.0,0.594322014121553
0.0,159.0,352.75843253968253,441.61061507936506,47.0,53.0,2016.0,41.0,0.16989148644926982
0.0,160.0,359.68033212247013,194.36896730669434,65.0,44.0,1927.0,81.0,0.8412006444670443
0.0,161.0,373.47953699875984,228.2558908639934,76.0,51.0,2419.0,179.0,0.746724719574647
0.0,162.0,355.8065279091769,866.2899716177861,47.0,53.0,2114.0,159.0,0.27513733601986284
0.0,163.0,354.3869014859659,21.661529994496423,44.0,44.0,1817.0,45.0,0.3413814312118669
0.0,164.0,354.83199571963615,65.73622257891921,46.0,46.0,1869.0,39.0,0.1909700434355919
0.0,165.0,355.23271767810024,822.2596306068601,47.0,47.0,1895.0,184.0,0.37292460334714045
0.0,166.0,378.03497735279313,146.9584801207851,93.0,140.0,3974.0,130.0,0.9674323677976601
0.0,167.0,358.29460154241644,350.33264781491005,47.0,49.0,1945.0,79.0,0.3692838006209037
0.0,168.0,357.0561855670103,396.3340206185567,44.0,48.0,1940.0,49.0,0.3802043675357886
0.0,169.0,361.8265682656827,689.318397469689,51.0,53.0,1897.0,40.0,0.5907717877805737
0.0,170.0,374.5160501375726,768.2846224396209,99.0,79.0,3271.0,187.0,0.8695212566155033
0.0,171.0,368.07442067736184,571.8903743315508,66.0,62.0,2244.0,114.0,0.719356485478656
0.0,172.0,370.32282110091745,732.1800458715596,59.0,50.0,1744.0,62.0,0.6426109342218811
0.0,173.0,372.9456912028725,487.9057450628366,55.0,58.0,2228.0,170.0,0.3971635169771032
0.0,174.0,382.8953771289538,614.7591240875912,62.0,54.0,2055.0,101.0,0.5570922572246093
0.0,175.0,386.66868029739777,909.3759293680297,54.0,48.0,2152.0,182.0,0.5729015529156448
0.0,176.0,394.0625,270.93932038834953,56.0,41.0,1648.0,94.0,0.7750074908970336
0.0,177.0,395.59236725663715,317.44026548672565,64.0,60.0,1808.0,151.0,0.615052631353862
0.0,178.0,398.9137339055794,531.137339055794,57.0,60.0,2330.0,135.0,0.29376199792203944
0.0,179.0,396.904243119266,19.3927752293578,46.0,41.0,1744.0,90.0,0.4262799171880625
0.0,180.0,396.685461580984,60.23770038695412,46.0,47.0,1809.0,38.0,0.35131282813617676
0.0,181.0,402.4136363636364,144.3181818181818,54.0,56.0,1540.0,80.0,0.6417995185589308
0.0,182.0,405.0421585160202,653.8827993254638,63.0,54.0,2372.0,60.0,0.6457788160950628
0.0,183.0,398.0451083772701,400.1944932630346,47.0,45.0,1707.0,91.0,0.2128917918147862
0.0,184.0,402.15663124754036,444.9504132231405,57.0,60.0,2541.0,157.0,0.4088233658542237
0.0,185.0,403.2689374682257,358.39450940518554,56.0,48.0,1967.0,61.0,0.46195599614762933
0.0,186.0,402.8905680041688,705.5528921313183,52.0,56.0,1919.0,137.0,0.5926370167130998
0.0,187.0,398.99576495500264,817.8480677607199,51.0,52.0,1889.0,93.0,0.3976752011229761
0.0,188.0,401.4284880326912,102.25919439579685,47.0,48.0,1713.0,121.0,0.4045767532700582
0.0,189.0,401.0160583941606,865.1659367396594,50.0,52.0,2055.0,50.0,0.4778579395087823
0.0,190.0,425.8912146226415,781.8708726415094,95.0,88.0,3392.0,193.0,0.6391170429275265
0.0,191.0,426.96336499321575,246.7035278154681,84.0,94.0,1474.0,197.0,0.6192764568417612
0.0,192.0,429.1910551454624,570.3634389926183,62.0,55.0,2303.0,157.0,0.42158459288627276
0.0,193.0,427.59643916913944,484.80500211954217,56.0,65.0,2359.0,76.0,0.5540247068773623
0.0,194.0,436.3716904276986,625.4236252545825,60.0,77.0,1964.0,128.0,0.7695926989836562
0.0,195.0,436.4250559284116,190.35272184936613,52.0,47.0,1341.0,79.0,0.7885154011882817
0.0,196.0,434.51935325820676,301.0921117099461,53.0,62.0,2041.0,93.0,0.5185856245003433
0.0,197.0,435.90362953692113,905.0041718815186,51.0,54.0,2397.0,57.0,0.5300218915445329
0.0,198.0,453.80670391061454,734.0081936685289,90.0,84.0,2685.0,167.0,0.46946145093025116
0.0,199.0,440.77669902912623,686.4302503832397,54.0,58.0,1957.0,54.0,0.40638491104534463
0.0,200.0,449.01582278481015,345.00474683544303,64.0,52.0,1896.0,118.0,0.3762614930111638
0.0,201.0,440.98601102161933,845.7062314540059,53.0,76.0,2359.0,102.0,0.7672813860484509
0.0,202.0,439.2080131723381,64.50768386388584,46.0,46.0,1822.0,37.0,0.34311536203921267
0.0,203.0,442.47089669638177,153.74724698479287,50.0,49.0,1907.0,73.0,0.31591793092376624
0.0,204.0,438.9068596601636,235.8596601636249,43.0,52.0,1589.0,115.0,0.5784744502903081
0.0,205.0,443.64,108.9639024390244,51.0,47.0,2050.0,38.0,0.35299831887917765
0.0,206.0,440.1094306049822,395.94661921708183,45.0,63.0,2248.0,40.0,0.6765774143139394
0.0,207.0,441.68901495616296,20.73749355337803,49.0,44.0,1939.0,35.0,0.3441771076338213
0.0,208.0,451.03259182617694,523.1303673047078,56.0,58.0,1933.0,105.0,0.5605207733277193
0.0,209.0,460.9965487489215,441.40293356341675,61.0,55.0,2318.0,53.0,0.6173305141109368
0.0,210.0,474.66223811957076,813.5166070516096,63.0,53.0,1957.0,57.0,0.5347322590175587
0.0,211.0,475.0852390852391,272.21985446985445,57.0,48.0,1924.0,52.0,0.5786565915138503
0.0,212.0,479.0954478707783,608.7028879099364,65.0,50.0,2043.0,128.0,0.5826829326469474
0.0,213.0,476.57792515395545,652.7584083372809,54.0,48.0,2111.0,46.0,0.3966829986694572
0.0,214.0,468.87740384615387,565.5775240384615,45.0,63.0,1664.0,134.0,0.7039697414557436
0.0,215.0,482.39755011135856,232.41035634743875,62.0,53.0,1796.0,144.0,0.7368914136961606
0.0,216.0,479.49577804583834,312.9487334137515,51.0,48.0,1658.0,123.0,0.38628392945935874
0.0,217.0,480.5238313473877,481.3409715857012,57.0,56.0,2182.0,77.0,0.41232210107011985
0.0,218.0,483.68648397584764,862.0046446818393,54.0,54.0,2153.0,121.0,0.384304396934549
0.0,219.0,482.079833871712,190.7134287032764,52.0,47.0,2167.0,117.0,0.46152176706304643
0.0,220.0,480.00292911540714,763.4422964264792,55.0,68.0,1707.0,132.0,0.6493193792081352
0.0,221.0,480.32515632515634,908.4497354497355,47.0,48.0,2079.0,32.0,0.33599384231069557
0.0,222.0,480.5719676549865,59.301886792452834,46.0,51.0,1855.0,49.0,0.27544466146580776
0.0,223.0,487.042343387471,698.320765661253,50.0,60.0,1724.0,105.0,0.5613595782816541
0.0,224.0,491.3755795981453,358.64296754250387,63.0,50.0,1941.0,60.0,0.6059090791041333
0.0,225.0,483.9491611591256,401.2562277580071,51.0,56.0,1967.0,41.0,0.6210246825435136
0.0,226.0,485.07453013609853,18.918340894361634,46.0,41.0,1543.0,128.0,0.4571705863254681
0.0,227.0,485.5007228915663,144.31518072289157,49.0,55.0,2075.0,115.0,0.5712563530640998
0.0,228.0,490.1436525612472,99.73106904231626,49.0,50.0,1796.0,70.0,0.2482066345889803
0.0,229.0,497.1152842983829,527.7756911841419,55.0,52.0,1917.0,84.0,0.26097611402961834
0.0,230.0,514.0578635014837,567.0445103857567,56.0,57.0,2022.0,98.0,0.6143246652941141
0.0,231.0,517.9119123687814,735.0159744408945,63.0,47.0,2191.0,47.0,0.6585244724963725
0.0,232.0,517.2269297736506,780.6059199071387,53.0,45.0,1723.0,44.0,0.5744713604607417
0.0,233.0,519.6960859554873,442.9616270145817,55.0,59.0,2606.0,61.0,0.2967804283159287
0.0,234.0,520.388657648283,822.1742976066597,52.0,48.0,1922.0,52.0,0.4802877161289811
0.0,235.0,520.8013665202537,278.31576378721326,51.0,50.0,2049.0,101.0,0.25658493845179864
0.0,236.0,523.5505210693249,328.3334843679203,53.0,60.0,2207.0,173.0,0.7151405032743563
0.0,237.0,524.6133689839572,608.5331550802139,49.0,53.0,1870.0,143.0,0.531232669201444
0.0,238.0,522.6100323624595,650.6364617044229,47.0,47.0,1854.0,101.0,0.4638287668227405
0.0,239.0,528.0679751077071,230.50502632838678,56.0,48.0,2089.0,49.0,0.5022943245756359
0.0,240.0,524.6319088319088,58.13333333333333,46.0,45.0,1755.0,169.0,0.3263080678565102
0.0,241.0,526.6948582412301,387.54012493993275,50.0,63.0,2081.0,96.0,0.6649018657300606
0.0,242.0,528.0212588578574,504.1008753647353,50.0,83.0,2399.0,201.0,0.8594862089184951
0.0,243.0,523.4731958762886,908.7257731958763,44.0,48.0,1940.0,64.0,0.45097824038133183
0.0,244.0,526.1384990848078,18.366687004270897,45.0,39.0,1639.0,50.0,0.4235527085926127
0.0,245.0,529.441750131787,693.0100158144438,46.0,50.0,1897.0,56.0,0.46091039770697834
0.0,246.0,539.3105899076048,140.30739161336177,80.0,79.0,2814.0,200.0,0.6845876426792623
0.0,247.0,529.1445412608919,187.5299846232701,53.0,45.0,1951.0,139.0,0.5207201431890448
0.0,248.0,530.6901338621716,863.7020327218642,48.0,51.0,2017.0,37.0,0.2774295844407097
0.0,249.0,534.6547368421053,100.68684210526315,49.0,48.0,1900.0,65.0,0.400541887442504
0.0,250.0,563.3644119439366,483.29677026203535,56.0,42.0,1641.0,100.0,0.6551451356315054
0.0,251.0,559.1381578947369,774.6578947368421,49.0,51.0,1976.0,125.0,0.34653287594711957
0.0,252.0,562.3633540372671,313.6511387163561,50.0,54.0,1932.0,103.0,0.35222969015722505
0.0,253.0,564.605671482076,404.34884965222045,52.0,47.0,1869.0,43.0,0.48144296799234
0.0,254.0,562.998510427011,565.843594836147,53.0,47.0,2014.0,107.0,0.5514402282739457
0.0,255.0,565.8482824427481,267.19847328244276,56.0,53.0,2096.0,54.0,0.39810806634479246
0.0,256.0,569.6784182944259,358.4878513577894,55.0,50.0,2099.0,69.0,0.407239321162361
0.0,257.0,566.6275100401606,816.2700803212851,54.0,51.0,1992.0,184.0,0.5566953776554191
0.0,258.0,573.4474040632055,526.144920993228,67.0,49.0,2215.0,124.0,0.6913687414372078
0.0,259.0,566.3414925373135,61.89970149253731,46.0,47.0,1675.0,45.0,0.509052210772108
0.0,260.0,571.3062937062937,445.75850815850816,52.0,47.0,2145.0,37.0,0.5170111493316397
0.0,261.0,565.7144385026738,650.3267379679145,45.0,51.0,1870.0,181.0,0.4716472798567554
0.0,262.0,565.575572519084,907.6290076335878,43.0,50.0,1965.0,53.0,0.5096401204219826
0.0,263.0,568.2301994301994,20.603988603988604,44.0,43.0,1755.0,95.0,0.23764741611934478
0.0,264.0,569.448559670782,606.5102880658436,51.0,45.0,1944.0,64.0,0.5285920174396738
0.0,265.0,573.3037316957959,733.4600850259801,59.0,46.0,2117.0,51.0,0.6628160837481212
0.0,266.0,588.5056890012643,226.7632743362832,105.0,85.0,3164.0,179.0,0.8739240510309723
0.0,267.0,573.1479028697572,693.0121412803531,49.0,43.0,1812.0,44.0,0.49282769607299926
0.0,268.0,577.9218351741716,170.0199660152931,58.0,57.0,2354.0,158.0,0.5031299147084078
0.0,269.0,576.3381642512078,861.6323671497585,48.0,52.0,2070.0,72.0,0.18142463275556517
0.0,270.0,581.3064720812183,99.93464467005076,55.0,46.0,1576.0,80.0,0.6671734663530374
0.0,271.0,605.370857699805,133.6130604288499,68.0,63.0,2052.0,111.0,0.5891656198909546
0.0,272.0,604.1633064516129,260.75201612903226,64.0,41.0,992.0,150.0,0.42576070932939103
0.0,273.0,604.9234146341463,306.1726829268293,51.0,57.0,2050.0,57.0,0.4692793169282012
0.0,274.0,619.4416466826539,611.5203836930456,73.0,51.0,2502.0,144.0,0.646718298785891
0.0,275.0,605.9341723136496,769.9051306873184,51.0,60.0,2066.0,119.0,0.4967228858089082
0.0,276.0,606.5018162947587,491.9159314997405,49.0,63.0,1927.0,139.0,0.5876232628302832
0.0,277.0,612.8571428571429,78.81985756179304,64.0,74.0,2387.0,199.0,0.8930675626394717
0.0,278.0,605.7366369710468,398.75,43.0,53.0,1796.0,106.0,0.5469008423460135
0.0,279.0,607.920395421436,657.0041623309053,46.0,51.0,1922.0,45.0,0.38584246681060796
0.0,280.0,610.062186559679,818.9919759277833,48.0,53.0,1994.0,46.0,0.5392377924499635
0.0,281.0,607.0181347150259,908.5569948186528,44.0,51.0,1930.0,68.0,0.5291321579508842
0.0,282.0,610.4071825998989,22.650986342943856,45.0,48.0,1977.0,54.0,0.362100140543526
0.0,283.0,613.694593479158,564.0668592653735,58.0,62.0,2423.0,121.0,0.39160676996914323
0.0,284.0,617.4655408489274,353.38110451848473,56.0,53.0,2191.0,46.0,0.48144711019962816
0.0,285.0,624.2240611075748,707.928707829408,79.0,72.0,3142.0,202.0,0.625053363926888
0.0,286.0,657.4392537094168,201.63361245776406,143.0,80.0,6807.0,195.0,0.8957444297631341
0.0,287.0,621.2032627865962,443.23059964726633,56.0,55.0,2268.0,88.0,0.44466327241293435
0.0,288.0,624.2450236966824,864.3289099526066,55.0,52.0,2110.0,61.0,0.453697390709031
0.0,289.0,639.7010497489731,530.1378366042903,65.0,59.0,2191.0,196.0,0.690667858730471
0.0,290.0,700.3588073527284,292.4592560428427,160.0,198.0,6909.0,197.0,0.8027262581383333
0.0,291.0,689.5431224425558,129.42367012905257,161.0,207.0,6354.0,182.0,0.932946064912168
0.0,292.0,653.0152422427872,733.5623298856832,51.0,57.0,1837.0,74.0,0.6533117363830775
0.0,293.0,647.5269645608629,780.6558808423215,48.0,51.0,1947.0,57.0,0.43902258475688016
0.0,294.0,649.4626194491287,318.5829117481731,53.0,54.0,1779.0,61.0,0.546370948293659
0.0,295.0,651.8703939008894,480.06395595086826,54.0,65.0,2361.0,167.0,0.6573693464817005
0.0,296.0,645.2636262513904,64.28031145717463,43.0,53.0,1798.0,38.0,0.5007688171809084
0.0,297.0,646.7916666666666,395.8664658634538,54.0,61.0,1992.0,88.0,0.5842211231954417
0.0,298.0,650.2462192816636,657.4617202268431,50.0,70.0,2116.0,120.0,0.6720211089019116
0.0,299.0,653.7457627118644,826.743708269132,51.0,55.0,1947.0,113.0,0.4755703895088854
0.0,300.0,651.4100506756756,903.613597972973,52.0,68.0,2368.0,180.0,0.6824896267260988
0.0,301.0,659.8084795321637,107.79093567251462,61.0,57.0,2052.0,70.0,0.5185326990937262
0.0,302.0,654.7982226868793,21.16257187663356,49.0,47.0,1913.0,46.0,0.4093880686024136
0.0,303.0,667.6920428462128,577.9005355776587,71.0,65.0,2614.0,111.0,0.6718364216361914
0.0,304.0,676.7296858071506,243.97995666305525,83.0,41.0,1846.0,132.0,0.8765301928327061
0.0,305.0,673.3763258379296,354.85193042002544,63.0,67.0,2357.0,119.0,0.5570940935078879
0.0,306.0,676.6374598070739,430.0490353697749,57.0,77.0,2488.0,186.0,0.5003902336516567
0.0,307.0,683.2145748987854,626.4064777327935,66.0,57.0,2470.0,109.0,0.5349909295035863
0.0,308.0,691.9286293592863,685.7745336577453,71.0,57.0,2466.0,198.0,0.564866379010126
0.0,309.0,683.1738916256157,864.1182266009852,54.0,54.0,2030.0,63.0,0.33709924876163516
0.0,310.0,686.1970873786407,527.0106796116505,53.0,58.0,2060.0,68.0,0.36138664164368617
0.0,311.0,688.144424131627,68.68053016453382,48.0,87.0,2188.0,69.0,0.7116185518946289
0.0,312.0,688.5281199785752,777.2587038028923,46.0,50.0,1867.0,58.0,0.4030466891709534
0.0,313.0,696.8544045676998,302.88132137030993,57.0,61.0,2452.0,94.0,0.4302008136545269
0.0,314.0,694.7207253886011,909.1632124352332,46.0,50.0,1930.0,55.0,0.5307932831776486
0.0,315.0,692.8677002583979,731.5607235142119,47.0,51.0,1935.0,103.0,0.49877310831952676
0.0,316.0,697.0012886597938,480.0536941580756,50.0,65.0,2328.0,148.0,0.5955373005876041
0.0,317.0,707.3014426727411,20.25626423690205,88.0,68.0,2634.0,108.0,0.6815213120267397
0.0,318.0,707.2630985915494,574.3340845070422,57.0,69.0,1775.0,197.0,0.8924469764127323
0.0,319.0,698.2819979188346,820.5561914672217,47.0,53.0,1922.0,171.0,0.4023211840916081
0.0,320.0,711.203003003003,377.5072072072072,67.0,84.0,3330.0,188.0,0.742639268251422
0.0,321.0,725.6547000472367,656.294284364667,61.0,61.0,2117.0,147.0,0.28046321575039285
0.0,322.0,716.1618168914124,153.03548616039745,35.0,64.0,1409.0,145.0,0.8832033575455142
0.0,323.0,728.6448679081853,432.9705500216544,55.0,68.0,2309.0,112.0,0.4999605150012261
0.0,324.0,757.4314653260387,169.99319828478485,114.0,156.0,6763.0,186.0,0.8408287878981651
0.0,325.0,735.308984375,535.683203125,58.0,81.0,2560.0,94.0,0.8111937694587551
0.0,326.0,746.3903606766677,769.3252473667411,102.0,61.0,3133.0,178.0,0.8699566187003255
0.0,327.0,731.7382920110193,864.5197428833792,52.0,50.0,2178.0,112.0,0.3814638203329309
0.0,328.0,736.2256944444445,607.59375,53.0,63.0,2304.0,123.0,0.5683794466057159
0.0,329.0,735.9166666666666,726.1792168674699,50.0,61.0,1992.0,147.0,0.5871442129129257
0.0,330.0,736.6599409448819,71.19685039370079,48.0,66.0,2032.0,75.0,0.7036001412121236
0.0,331.0,740.6830015313935,477.4854517611026,55.0,59.0,1959.0,114.0,0.7557425528963673
0.0,332.0,736.7595948827292,909.6263326226012,46.0,47.0,1876.0,81.0,0.3534397659155142
0.0,333.0,740.753396029258,818.3140020898642,51.0,53.0,1914.0,151.0,0.26334270397706416
0.0,334.0,758.6566951566952,689.0299145299145,64.0,53.0,2106.0,179.0,0.6160378703091721
0.0,335.0,763.057680988817,28.858151854031785,56.0,53.0,1699.0,63.0,0.7841439678619693
0.0,336.0,775.2205438066466,262.5546827794562,99.0,68.0,3310.0,194.0,0.849733871897101
0.0,337.0,753.9029968454258,308.11435331230285,45.0,52.0,1268.0,117.0,0.5353070452487819
0.0,338.0,770.0471502590674,349.0279792746114,61.0,66.0,1930.0,108.0,0.5289759523703232
0.0,339.0,779.710050057759,399.6938775510204,80.0,50.0,2597.0,201.0,0.7801153962198693
0.0,340.0,772.0928082191781,553.6304794520548,65.0,81.0,2920.0,193.0,0.7159557680058974
0.0,341.0,771.8437783832879,103.12988192552226,44.0,48.0,1101.0,59.0,0.8385327244613904
0.0,342.0,777.4552271724747,648.2077635641817,55.0,55.0,2267.0,54.0,0.4633239921841634
0.0,343.0,775.1817162086371,492.5182277061133,53.0,51.0,1783.0,69.0,0.34681480843011964
0.0,344.0,778.0200904068307,440.83475640381715,52.0,50.0,1991.0,94.0,0.33922674907837186
0.0,345.0,789.3393870601589,227.00397275822928,93.0,54.0,1762.0,186.0,0.9200579031898873
0.0,346.0,776.8867390278433,852.3223218499293,52.0,54.0,2119.0,156.0,0.5006103180024365
0.0,347.0,781.147114474929,796.0089877010407,58.0,68.0,2114.0,128.0,0.5881309796913808
0.0,348.0,778.566992014197,904.2284826974268,48.0,54.0,2254.0,98.0,0.5831476887230671
0.0,349.0,786.3902116402116,603.242504409171,60.0,50.0,2268.0,200.0,0.5477904293238716
0.0,350.0,781.8905263157894,729.9147368421053,54.0,53.0,1900.0,48.0,0.40624300326517676
0.0,351.0,784.3955152671756,65.41269083969466,49.0,58.0,2096.0,82.0,0.3188440343230304
0.0,352.0,789.7769409038239,153.81691772885284,48.0,58.0,1726.0,180.0,0.7130761069359806
0.0,353.0,806.1806722689075,303.671368547419,92.0,84.0,3332.0,194.0,0.6018099927291519
0.0,354.0,814.2921561197423,526.6847290640394,63.0,72.0,2639.0,198.0,0.7693301568440167
0.0,355.0,811.5657116871305,20.763074124602092,56.0,49.0,2199.0,44.0,0.4663756988084289
0.0,356.0,814.0355699272434,694.8261924009701,58.0,58.0,2474.0,63.0,0.47516545990906445
0.0,357.0,812.6811468288445,110.69113814074717,54.0,64.0,2302.0,184.0,0.3291574673173861
0.0,358.0,814.4594450373532,478.82924226254005,54.0,49.0,1874.0,53.0,0.3682430377144427
0.0,359.0,815.753591160221,819.2618784530387,52.0,56.0,1810.0,88.0,0.36410195890082153
0.0,360.0,816.62447786132,363.078111946533,62.0,68.0,2394.0,131.0,0.4712602877941248
0.0,361.0,821.029919447641,761.4599156118144,54.0,78.0,2607.0,203.0,0.8155779827927124
0.0,362.0,821.3480113636364,863.641571969697,53.0,49.0,2112.0,66.0,0.3294022631387578
0.0,363.0,822.7046281851274,193.9022360894436,51.0,60.0,1923.0,70.0,0.3363737994180531
0.0,364.0,822.4868549172346,909.2711781888997,49.0,46.0,2054.0,41.0,0.2342436936039029
0.0,365.0,823.4042105263158,438.4505263157895,47.0,52.0,1900.0,118.0,0.554559899276448
0.0,366.0,823.0706371191136,643.6837488457987,53.0,65.0,2166.0,76.0,0.6093770981257456
0.0,367.0,843.5525357922834,581.0189274447949,90.0,86.0,4121.0,201.0,0.6422484969777601
0.0,368.0,850.1363636363636,235.76400367309458,74.0,58.0,2178.0,190.0,0.5787931884544086
0.0,369.0,831.8714839961202,64.6988360814743,59.0,55.0,2062.0,61.0,0.3783994558295806
0.0,370.0,845.1430429128739,276.03597745990464,70.0,55.0,2307.0,124.0,0.7247000699853078
0.0,371.0,845.3728595890411,146.9845890410959,59.0,58.0,2336.0,49.0,0.43197476368522286
0.0,372.0,848.1669310071372,393.3988897700238,62.0,64.0,2522.0,197.0,0.59095464230534
0.0,373.0,858.2783375314862,338.20906801007555,66.0,49.0,1588.0,136.0,0.6868856389589009
0.0,374.0,859.8321933424533,725.9822161422709,59.0,48.0,2193.0,51.0,0.464091246077001
0.0,375.0,857.0472972972973,311.31081081081084,52.0,32.0,1036.0,95.0,0.8460883487322254
0.0,376.0,862.4228736184526,629.7900048053821,56.0,59.0,2081.0,77.0,0.5347975470318311
0.0,377.0,862.4314909428704,680.0246168137483,55.0,49.0,2153.0,139.0,0.28387240121631263
0.0,378.0,861.8813131313132,772.2449494949495,52.0,46.0,1980.0,64.0,0.5189685744957837
0.0,379.0,861.8380015140045,29.604087812263437,51.0,74.0,2642.0,170.0,0.7336892209191946
0.0,380.0,863.5801354401806,99.02708803611738,55.0,64.0,2215.0,65.0,0.5118479616832484
0.0,381.0,863.9690721649484,535.7270103092784,53.0,66.0,2425.0,57.0,0.5976734724808948
0.0,382.0,860.9844317592112,814.1779968863518,51.0,46.0,1927.0,50.0,0.5615730090488877
0.0,383.0,864.0702156952731,484.5346489215236,49.0,52.0,2179.0,58.0,0.49414491691404483
0.0,384.0,865.4662162162163,856.6912681912681,51.0,50.0,1924.0,136.0,0.2869280146668664
0.0,385.0,868.6138755980861,190.2047846889952,48.0,61.0,2090.0,57.0,0.5388532943641312
0.0,386.0,868.0949152542373,906.4296610169491,54.0,53.0,2360.0,40.0,0.48143231434601624
0.0,387.0,867.7573264781491,437.1002570694087,46.0,55.0,1945.0,81.0,0.525985107991758
0.0,388.0,900.9456978967495,354.75831739961757,67.0,49.0,2615.0,112.0,0.7228817091644897
0.0,389.0,902.3913771452491,275.6969443281708,61.0,48.0,2389.0,85.0,0.653321358043209
0.0,390.0,906.1673706441394,567.1177402323126,61.0,43.0,1894.0,145.0,0.699855478361059
0.0,391.0,907.2814438804287,313.0513254371122,60.0,46.0,1773.0,93.0,0.7335188160450102
0.0,392.0,898.9854111405836,146.08267020335987,59.0,51.0,2262.0,46.0,0.6455580871304327
0.0,393.0,903.901819720694,232.27253491324586,58.0,48.0,2363.0,55.0,0.6221492900266513
0.0,394.0,904.4995590828925,65.19797178130511,57.0,49.0,2268.0,72.0,0.5714977325650731
0.0,395.0,904.1758241758242,396.6948436179205,57.0,48.0,2366.0,47.0,0.6337588232053639
0.0,396.0,907.4016186140617,651.2407688416793,53.0,43.0,1977.0,84.0,0.5703915760364021
0.0,397.0,910.695949500263,108.77748553392951,52.0,58.0,1901.0,136.0,0.46182613414499085
0.0,398.0,907.9663187855788,21.22628083491461,51.0,46.0,2108.0,39.0,0.45979477051268214
0.0,399.0,908.2565,693.6985,51.0,45.0,2000.0,83.0,0.4406962172297167
0.0,400.0,907.7020127638684,736.5571919489445,51.0,44.0,2037.0,77.0,0.4690188985795112
0.0,401.0,908.0238095238095,780.29,50.0,45.0,2100.0,38.0,0.3398630234810184
0.0,402.0,908.2025997310623,826.6207978484985,50.0,49.0,2231.0,48.0,0.1824962012613288
0.0,403.0,909.6313838550248,877.908154859967,50.0,58.0,2428.0,36.0,0.576227103491541
0.0,404.0,908.6132315521628,608.9516539440203,49.0,46.0,1965.0,74.0,0.43509369145378457
0.0,405.0,910.1206365503081,441.5159137577002,46.0,48.0,1948.0,48.0,0.4353330319840687
0.0,406.0,908.7073536768385,485.71785892946474,46.0,47.0,1999.0,39.0,0.2463801710106725
0.0,407.0,910.322869955157,527.7505605381166,46.0,46.0,1784.0,171.0,0.48622387955103036
0.0,408.0,911.4461228600202,918.5407854984894,43.0,28.0,993.0,152.0,0.7986274688455162
0.0,409.0,912.3456,187.7616,42.0,55.0,1875.0,37.0,0.48176204734945355
1.0,1.0,17.843654434250766,44.88455657492355,47.0,79.0,2616.0,125.0,0.8569111609798014
1.0,2.0,20.590441932168552,101.24717368961973,49.0,48.0,1946.0,51.0,0.3820853489901724
1.0,3.0,22.01896463352127,146.3680164018452,47.0,47.0,1951.0,52.0,0.3195341118547693
1.0,4.0,22.888947368421054,188.94105263157894,50.0,48.0,1900.0,86.0,0.4246602168530561
1.0,5.0,21.16242218449349,229.34578381437464,44.0,43.0,1767.0,89.0,0.3736853191798868
1.0,6.0,21.003785830178476,271.2839372633856,43.0,46.0,1849.0,68.0,0.19134262853618925
1.0,7.0,18.823108993448482,314.4490768314473,40.0,45.0,1679.0,45.0,0.3925083742191526
1.0,8.0,21.946170921198668,356.3357380688124,45.0,44.0,1802.0,41.0,0.377337901575008
1.0,9.0,19.13186119873817,396.1022082018927,42.0,44.0,1585.0,63.0,0.20705674721181458
1.0,10.0,21.272931907709623,435.8992684299381,51.0,48.0,1777.0,79.0,0.538527271252501
1.0,11.0,20.49614112458655,478.71719955898567,47.0,45.0,1814.0,72.0,0.38909566604458884
1.0,12.0,21.27408256880734,521.9214449541284,49.0,46.0,1744.0,68.0,0.4669059287359414
1.0,13.0,18.5425667090216,563.1480304955527,44.0,47.0,1574.0,84.0,0.45112381039239496
1.0,14.0,20.9874213836478,605.6671907756813,45.0,48.0,1908.0,69.0,0.36329402609636674
1.0,15.0,20.469565217391306,649.9532608695653,44.0,44.0,1840.0,35.0,0.35279527287047796
1.0,16.0,20.5,692.5,42.0,42.0,1764.0,35.0,0.0
1.0,17.0,20.5,734.5,42.0,42.0,1764.0,35.0,0.0
1.0,18.0,20.5,777.0,42.0,43.0,1806.0,34.0,0.21446601361444437
1.0,19.0,20.5,820.5,42.0,44.0,1848.0,34.0,0.29814239699997197
1.0,20.0,20.5,864.5,42.0,44.0,1848.0,33.0,0.29814239699997197
1.0,21.0,20.5,909.0,42.0,45.0,1890.0,32.0,0.3590996646753662
1.0,22.0,49.01691042047532,19.788848263254113,68.0,47.0,2188.0,54.0,0.6373502201466091
1.0,23.0,59.34507722007722,549.4604247104247,52.0,53.0,2072.0,39.0,0.45577010181494737
1.0,24.0,55.12574341546304,113.58793542905693,41.0,53.0,1177.0,115.0,0.6459396700129952
1.0,25.0,62.32816065723414,499.08261068005476,54.0,58.0,2191.0,185.0,0.6442786520160908
1.0,26.0,62.54242581988547,448.94169703279545,51.0,49.0,1921.0,41.0,0.3228603888957688
1.0,27.0,64.23603941811356,67.54809948381042,50.0,57.0,2131.0,36.0,0.5368426362231319
1.0,28.0,62.01177675371224,598.1300563236047,50.0,48.0,1953.0,36.0,0.44204693532349404
1.0,29.0,58.97744360902256,312.7883169462117,44.0,46.0,1729.0,41.0,0.2794121656510894
1.0,30.0,61.1056302939711,400.48330842052815,45.0,50.0,2007.0,40.0,0.4239145992512418
1.0,31.0,62.41348667015159,645.0956612650288,46.0,46.0,1913.0,37.0,0.3766595125920716
1.0,32.0,66.23376623376623,186.17316017316017,49.0,45.0,1848.0,82.0,0.4426820825955488
1.0,33.0,63.90395480225989,272.0401129943503,46.0,46.0,1770.0,56.0,0.39026366288723
1.0,34.0,64.79899777282851,354.83184855233856,45.0,48.0,1796.0,80.0,0.29697430459236346
1.0,35.0,62.54622741764081,690.9819341126462,43.0,45.0,1882.0,36.0,0.3477516379288075
1.0,36.0,62.48728094968909,734.4392312040701,42.0,43.0,1769.0,38.0,0.09571925776308841
1.0,37.0,62.5,777.0,42.0,43.0,1806.0,36.0,0.21446601361444437
1.0,38.0,62.5,820.5,42.0,44.0,1848.0,35.0,0.29814239699997197
1.0,39.0,62.5,864.5,42.0,44.0,1848.0,35.0,0.29814239699997197
1.0,40.0,62.5,909.0,42.0,45.0,1890.0,33.0,0.3590996646753662
1.0,41.0,65.37652035959809,230.00634584875726,46.0,49.0,1891.0,85.0,0.13945237308610184
1.0,42.0,70.70838323353293,148.1,53.0,46.0,1670.0,66.0,0.5547825560999783
1.0,43.0,94.14308342133052,105.85797254487856,53.0,54.0,1894.0,57.0,0.3758940539064882
1.0,44.0,103.62549575070821,527.3070821529745,57.0,44.0,1765.0,88.0,0.2231071840181014
1.0,45.0,101.9359342915811,21.26488706365503,62.0,50.0,2435.0,121.0,0.6374715206333913
1.0,46.0,101.72305140961858,569.1503593145384,50.0,43.0,1809.0,43.0,0.4240864048290299
1.0,47.0,102.73549398849974,483.14584422373235,49.0,44.0,1913.0,62.0,0.3633403985107509
1.0,48.0,101.6531196336577,316.71551230681166,47.0,45.0,1747.0,68.0,0.3007634534213033
1.0,49.0,104.26770775237033,439.8059118795315,46.0,44.0,1793.0,36.0,0.3903756688784642
1.0,50.0,104.70697412823397,610.6265466816648,48.0,43.0,1778.0,51.0,0.435870740627461
1.0,51.0,113.42408376963351,141.55497382198953,52.0,66.0,1719.0,91.0,0.6052475802925285
1.0,52.0,104.16620189626325,398.86893474623537,46.0,43.0,1793.0,49.0,0.4086788393881623
1.0,53.0,104.22112018669779,651.62252042007,44.0,42.0,1714.0,103.0,0.2905461959464228
1.0,54.0,113.49724517906336,187.46005509641873,62.0,52.0,2178.0,79.0,0.503855318656109
1.0,55.0,106.68016194331983,358.7692307692308,47.0,45.0,1729.0,67.0,0.3643163229793654
1.0,56.0,104.52790432801822,692.5916856492028,42.0,42.0,1756.0,42.0,0.10268524164233721
1.0,57.0,104.5,734.5,42.0,42.0,1764.0,42.0,0.0
1.0,58.0,104.5,777.0,42.0,43.0,1806.0,37.0,0.21446601361444437
1.0,59.0,104.5,820.5,42.0,44.0,1848.0,36.0,0.29814239699997197
1.0,60.0,104.5,864.5,42.0,44.0,1848.0,36.0,0.29814239699997197
1.0,61.0,104.5,909.0,42.0,45.0,1890.0,35.0,0.3590996646753662
1.0,62.0,101.80058013052937,273.89920232052214,39.0,45.0,1379.0,76.0,0.6496725607714463
1.0,63.0,108.26018468223792,232.78924497555676,57.0,48.0,1841.0,105.0,0.4908744085706985
1.0,64.0,111.49034950443401,66.16171100678143,52.0,52.0,1917.0,57.0,0.41340579723129584
1.0,65.0,134.2274052478134,301.27842565597666,53.0,75.0,1372.0,156.0,0.801034363883712
1.0,66.0,146.33916083916083,98.25655594405595,52.0,63.0,2288.0,99.0,0.5937372873969277
1.0,67.0,142.05809450038728,212.26955848179705,57.0,92.0,1291.0,195.0,0.7660445779266776
1.0,68.0,149.87644643523703,32.980216498693544,56.0,71.0,2679.0,92.0,0.7119232310893712
1.0,69.0,146.53099593495935,265.2205284552846,48.0,68.0,1968.0,91.0,0.6812891177014745
1.0,70.0,147.1961259079903,347.2498789346247,49.0,58.0,2065.0,76.0,0.5883393836663835
1.0,71.0,145.57373519913887,566.8008611410119,45.0,44.0,1858.0,36.0,0.19283234062557067
1.0,72.0,145.99335548172758,524.3073089700997,44.0,42.0,1806.0,36.0,0.2682837553010483
1.0,73.0,146.9641577060932,608.3847072879331,44.0,42.0,1674.0,171.0,0.2399979897842735
1.0,74.0,146.07,482.44,43.0,42.0,1800.0,64.0,0.21651376752843096
1.0,75.0,146.33499170812604,650.0011055831951,43.0,43.0,1809.0,39.0,0.22112099125030127
1.0,76.0,149.38310412573674,395.43664047151276,47.0,48.0,2036.0,38.0,0.0785492910300454
1.0,77.0,146.3402968664101,439.84002199010445,42.0,44.0,1819.0,35.0,0.27843410263229645
1.0,78.0,146.5,692.5,42.0,42.0,1764.0,50.0,0.0
1.0,79.0,146.5,734.5,42.0,42.0,1764.0,37.0,0.0
1.0,80.0,146.5,777.0,42.0,43.0,1806.0,37.0,0.21446601361444437
1.0,81.0,146.5,820.5,42.0,44.0,1848.0,38.0,0.29814239699997197
1.0,82.0,146.5,864.5,42.0,44.0,1848.0,42.0,0.29814239699997197
1.0,83.0,147.0,909.0,43.0,45.0,1935.0,47.0,0.29488391230979416
1.0,84.0,150.6089164785553,150.43735891647856,44.0,59.0,1772.0,78.0,0.7085061510111562
1.0,85.0,177.40674279499729,185.3452963567156,59.0,49.0,1839.0,99.0,0.6519107547973079
1.0,86.0,182.49334478316874,311.6891369686561,64.0,57.0,2329.0,111.0,0.6396440146062188
1.0,87.0,177.189754312598,225.74960794563512,53.0,47.0,1913.0,78.0,0.46692925741025665
1.0,88.0,192.58539205155748,145.36143931256714,66.0,61.0,1862.0,95.0,0.5621471858411901
1.0,89.0,183.7715877437326,63.54874651810585,46.0,52.0,1795.0,43.0,0.48614752884812534
1.0,90.0,198.62628145386765,18.568033550792173,71.0,44.0,2146.0,55.0,0.7495898761633847
1.0,91.0,191.37600860677784,107.86498117267348,49.0,49.0,1859.0,53.0,0.23675233723430855
1.0,92.0,188.72186495176848,270.40782422293677,46.0,49.0,1866.0,114.0,0.2918354480719427
1.0,93.0,192.26174496644296,355.5074858027878,51.0,46.0,1937.0,63.0,0.5700170312260596
1.0,94.0,188.4634974533107,566.4668930390492,43.0,42.0,1767.0,36.0,0.09819071103366267
1.0,95.0,188.20670698185816,439.8224299065421,44.0,46.0,1819.0,53.0,0.3019076519548631
1.0,96.0,188.5,482.5,42.0,42.0,1764.0,35.0,0.0
1.0,97.0,188.5,524.5,42.0,42.0,1764.0,36.0,0.0
1.0,98.0,189.00055370985604,608.5022148394241,44.0,42.0,1806.0,37.0,0.21605020869957164
1.0,99.0,188.5,650.5,42.0,42.0,1764.0,47.0,0.0
1.0,100.0,188.5,692.5,42.0,42.0,1764.0,40.0,0.0
1.0,101.0,188.5,734.5,42.0,42.0,1764.0,37.0,0.0
1.0,102.0,188.5,777.0,42.0,43.0,1806.0,39.0,0.21446601361444437
1.0,103.0,188.5,820.5,42.0,44.0,1848.0,37.0,0.29814239699997197
1.0,104.0,188.35956873315365,864.5876010781672,42.0,45.0,1855.0,36.0,0.3233414365438938
1.0,105.0,190.6745951417004,909.0885627530364,45.0,46.0,1976.0,47.0,0.2252193213684711
1.0,106.0,196.33033033033033,397.7602602602603,52.0,46.0,1998.0,37.0,0.4712045427496286
1.0,107.0,225.62573964497042,191.04881656804733,53.0,47.0,2028.0,113.0,0.4848592799379943
1.0,108.0,225.01042701092354,232.28699106256207,53.0,45.0,2014.0,42.0,0.5583989810022313
1.0,109.0,221.8348909657321,62.818068535825546,41.0,53.0,1605.0,83.0,0.6089799644668743
1.0,110.0,238.23888404533565,317.29947689625106,83.0,60.0,2294.0,140.0,0.6463976238826659
1.0,111.0,233.64215364412345,148.69862114248195,44.0,44.0,1523.0,46.0,0.639172313283508
1.0,112.0,232.06325632563255,272.95599559955997,47.0,48.0,1818.0,139.0,0.5572512166099993
1.0,113.0,231.64648772130212,442.841233580811,48.0,45.0,1751.0,55.0,0.38682026476033426
1.0,114.0,230.15156897572527,483.2155121373594,42.0,41.0,1689.0,38.0,0.2559457460936061
1.0,115.0,230.54072398190044,524.4513574660633,42.0,43.0,1768.0,40.0,0.10935986718313324
1.0,116.0,230.4668508287293,567.0486187845304,42.0,44.0,1810.0,39.0,0.22409299458154874
1.0,117.0,230.39337822671155,650.2828282828283,42.0,43.0,1782.0,40.0,0.19110409491358366
1.0,118.0,230.69325842696628,692.4825842696629,43.0,42.0,1780.0,38.0,0.11792192296533595
1.0,119.0,230.5,734.5,42.0,42.0,1764.0,38.0,0.0
1.0,120.0,230.5,777.0,42.0,43.0,1806.0,40.0,0.21446601361444437
1.0,121.0,230.59792122538292,820.2647702407003,42.0,44.0,1828.0,49.0,0.27215012539226374
1.0,122.0,230.08257858284497,864.3857218966435,42.0,47.0,1877.0,49.0,0.37637586583882277
1.0,123.0,233.199416909621,104.31078717201166,43.0,49.0,1715.0,86.0,0.3513148885945301
1.0,124.0,231.16948130277441,608.8413751507841,41.0,41.0,1658.0,110.0,0.17248317538197452
1.0,125.0,237.10374639769452,362.59990393852064,53.0,51.0,2082.0,100.0,0.291287108758033
1.0,126.0,236.18965517241378,909.2159961685824,47.0,47.0,2088.0,35.0,0.28900390252582164
1.0,127.0,239.473000683527,404.68489405331513,56.0,60.0,1463.0,126.0,0.6776945658506874
1.0,128.0,254.31495145631067,27.299417475728156,78.0,68.0,2575.0,200.0,0.7182904394355338
1.0,129.0,271.7907972177635,188.68860353130017,58.0,43.0,1869.0,123.0,0.5488401033477021
1.0,130.0,281.8077097505669,306.09478458049887,95.0,71.0,2205.0,171.0,0.6560557660284032
1.0,131.0,264.91120906801007,62.47103274559194,47.0,55.0,1588.0,47.0,0.1632610336793194
1.0,132.0,276.7701700828609,230.84736153510684,56.0,54.0,2293.0,125.0,0.5252518037078909
1.0,133.0,276.52938824470215,429.25549780087965,51.0,71.0,2501.0,80.0,0.6812530379663976
1.0,134.0,272.251871657754,480.672192513369,45.0,45.0,1870.0,46.0,0.38871618426188
1.0,135.0,272.75714285714287,865.2045918367347,45.0,49.0,1960.0,37.0,0.3816089225610453
1.0,136.0,271.54368932038835,147.6070816676185,41.0,45.0,1751.0,38.0,0.41790435685893135
1.0,137.0,272.5146651909242,524.1106806862202,43.0,43.0,1807.0,37.0,0.22985022270748456
1.0,138.0,272.5,566.5,42.0,42.0,1764.0,38.0,0.0
1.0,139.0,272.5,608.5,42.0,42.0,1764.0,38.0,0.0
1.0,140.0,272.5,650.5,42.0,42.0,1764.0,38.0,0.0
1.0,141.0,274.1417112299465,692.5379679144385,45.0,42.0,1870.0,38.0,0.3457156472823711
1.0,142.0,273.569197630587,734.6047388260636,44.0,43.0,1857.0,47.0,0.2874082749951672
1.0,143.0,272.37854363535297,777.15341856587,42.0,44.0,1799.0,49.0,0.20937200082361723
1.0,144.0,272.38713195201746,820.6690294438386,43.0,45.0,1834.0,54.0,0.3140552685736519
1.0,145.0,300.19809428284856,16.04714142427282,86.0,46.0,1994.0,58.0,0.8045580837488885
1.0,146.0,274.4805333333333,102.81013333333334,44.0,49.0,1875.0,38.0,0.41510037462043353
1.0,147.0,278.35914454277287,270.7920353982301,46.0,42.0,1356.0,66.0,0.6902444586096133
1.0,148.0,282.49525200876553,349.72753834915994,58.0,32.0,1369.0,120.0,0.8386189666958127
1.0,149.0,275.0929791271347,381.6774193548387,47.0,36.0,1054.0,112.0,0.7159521640078855
1.0,150.0,284.4306131857999,909.3388658367911,50.0,48.0,2169.0,38.0,0.4113125990615756
1.0,151.0,323.9363307181654,383.7009656004828,90.0,126.0,3314.0,155.0,0.6566267752837959
1.0,152.0,313.00531914893617,62.69390715667311,55.0,51.0,2068.0,40.0,0.34955881402816874
1.0,153.0,312.4089856415007,470.69476609541454,47.0,109.0,2159.0,117.0,0.8658806612774913
1.0,154.0,320.2785331685208,157.1289658014009,73.0,89.0,2427.0,131.0,0.8515761177219605
1.0,155.0,314.43993506493507,522.3079004329004,43.0,45.0,1848.0,38.0,0.31054858024366055
1.0,156.0,314.0418454935622,819.0144849785407,47.0,46.0,1864.0,38.0,0.4395213592423688
1.0,157.0,316.6752519596865,107.33314669652856,49.0,46.0,1786.0,38.0,0.4264124552178058
1.0,158.0,323.1568,323.7072,54.0,58.0,1875.0,81.0,0.4938484746715731
1.0,159.0,314.8628198149156,566.0843767011431,43.0,43.0,1837.0,37.0,0.15519288346534402
1.0,160.0,314.5,608.5,42.0,42.0,1764.0,39.0,0.0
1.0,161.0,313.287558685446,650.6015258215963,41.0,45.0,1704.0,39.0,0.39881321958935007
1.0,162.0,314.419966536531,775.8538761851645,45.0,44.0,1793.0,41.0,0.22784751276297616
1.0,163.0,317.04248861911987,864.8654527061204,56.0,52.0,1977.0,68.0,0.33376639130351393
1.0,164.0,324.34128360797916,190.83607979184737,63.0,53.0,2306.0,67.0,0.6821050753505753
1.0,165.0,317.7762803234501,734.0894878706199,45.0,44.0,1855.0,46.0,0.3546532261953674
1.0,166.0,323.68029903254177,279.1679859278804,64.0,72.0,2274.0,117.0,0.8841860009807565
1.0,167.0,320.0629552549428,692.627471383975,47.0,45.0,1922.0,38.0,0.43155027846344407
1.0,168.0,351.81865284974094,272.1512011304757,84.0,131.0,2123.0,194.0,0.9126561036899941
1.0,169.0,316.06666666666666,439.35,36.0,46.0,960.0,54.0,0.7751874730524227
1.0,170.0,332.10107893242474,229.7296990346394,56.0,56.0,1761.0,84.0,0.3021074102709346
1.0,171.0,333.88252714708784,911.893385982231,58.0,47.0,2026.0,61.0,0.6122158530659843
1.0,172.0,336.5505425471159,408.65162764134783,47.0,105.0,1751.0,89.0,0.9666477695805101
1.0,173.0,351.7540350877193,30.011929824561403,57.0,66.0,2850.0,134.0,0.6467922110365306
1.0,174.0,359.0658105939005,884.4044943820224,59.0,76.0,1869.0,186.0,0.7140079430465108
1.0,175.0,354.40755467196817,831.8270377733598,51.0,62.0,2012.0,51.0,0.6359092450827457
1.0,176.0,355.55394605394605,90.83016983016984,51.0,55.0,2002.0,44.0,0.5387851608582361
1.0,177.0,359.39579256360076,140.46868884540118,51.0,52.0,2044.0,65.0,0.37967626324122633
1.0,178.0,358.57654613044946,461.23487664751605,47.0,118.0,2959.0,112.0,0.9317101206634159
1.0,179.0,353.4822934232715,651.2990444069702,43.0,49.0,1779.0,46.0,0.5026846055543537
1.0,180.0,356.5248226950355,782.5562310030396,47.0,50.0,1974.0,42.0,0.40532467890049456
1.0,181.0,356.34285714285716,523.7495798319328,43.0,43.0,1785.0,36.0,0.21562275510976148
1.0,182.0,358.1571194762684,565.8756137479542,45.0,43.0,1833.0,39.0,0.19458182159747478
1.0,183.0,356.5866517106001,608.0420639371845,44.0,44.0,1783.0,39.0,0.15662667123337728
1.0,184.0,362.14780835881754,736.967380224261,48.0,48.0,1962.0,39.0,0.3485970113677767
1.0,185.0,367.62363238512035,358.52589350838804,55.0,45.0,1371.0,73.0,0.6369535770965022
1.0,186.0,368.5423396965247,694.9706314243759,54.0,48.0,2043.0,43.0,0.5716000671431953
1.0,187.0,379.07020872865274,182.59392789373814,56.0,49.0,1581.0,77.0,0.4951758696808955
1.0,188.0,372.6401900882553,282.52613713509845,43.0,65.0,1473.0,108.0,0.7484474107231132
1.0,189.0,402.83176214648296,355.5460478607687,89.0,72.0,1379.0,138.0,0.9178003837605195
1.0,190.0,391.7722891566265,397.05140562248994,71.0,67.0,2490.0,111.0,0.5580788427902655
1.0,191.0,385.5423023578363,226.94220989366622,55.0,73.0,2163.0,101.0,0.779603768416448
1.0,192.0,393.67085953878404,63.914046121593294,53.0,45.0,1908.0,36.0,0.44426019055020327
1.0,193.0,394.487091222031,912.714859437751,53.0,42.0,1743.0,49.0,0.6055987225071593
1.0,194.0,395.01277372262774,866.2080291970802,54.0,47.0,2192.0,54.0,0.3841741644380901
1.0,195.0,404.0147492625369,315.1537200917732,72.0,75.0,3051.0,107.0,0.37132445443074436
1.0,196.0,396.62085822922324,21.269418794133625,48.0,44.0,1841.0,59.0,0.2229665197301727
1.0,197.0,397.69732620320855,107.37647058823529,48.0,48.0,1870.0,42.0,0.46028493703684864
1.0,198.0,395.68762993762994,442.1502079002079,49.0,49.0,1924.0,49.0,0.16957799316082736
1.0,199.0,404.4121517027864,663.0828173374613,99.0,63.0,2584.0,188.0,0.8363366519698427
1.0,200.0,397.11831275720164,819.0133744855967,48.0,48.0,1944.0,53.0,0.39258392795303243
1.0,201.0,397.90460704607045,612.889972899729,45.0,48.0,1845.0,38.0,0.4203726068300103
1.0,202.0,399.32054054054055,774.772972972973,46.0,48.0,1850.0,78.0,0.4277182954484297
1.0,203.0,397.3198992443325,483.4231738035264,45.0,42.0,1588.0,70.0,0.33619411955083806
1.0,204.0,398.41730981256893,524.2199558985667,42.0,46.0,1814.0,35.0,0.32262029446459056
1.0,205.0,404.8907517577069,151.10383991346674,48.0,55.0,1849.0,49.0,0.4836281064130651
1.0,206.0,401.99431230610134,567.9152016546019,46.0,47.0,1934.0,37.0,0.18753112373115866
1.0,207.0,408.68065023597273,732.6801258521238,57.0,52.0,1907.0,98.0,0.5734244946621972
1.0,208.0,414.5442744552619,257.8743625405656,74.0,59.0,2157.0,137.0,0.4407215637007129
1.0,209.0,428.71202854230376,702.263506625892,63.0,71.0,1962.0,68.0,0.8014312766570446
1.0,210.0,428.7873045949787,199.59592610137375,54.0,54.0,2111.0,44.0,0.27083731514897463
1.0,211.0,436.67052023121386,394.41907514450867,58.0,57.0,1730.0,87.0,0.48414806272830224
1.0,212.0,437.593875502008,908.2976907630522,46.0,49.0,1992.0,38.0,0.3703657930886725
1.0,213.0,440.8329706202394,650.233949945593,51.0,50.0,1838.0,59.0,0.4040578315515942
1.0,214.0,438.039957378796,63.71497069792222,45.0,44.0,1877.0,36.0,0.26542357042036846
1.0,215.0,439.0031712473573,480.4323467230444,45.0,45.0,1892.0,36.0,0.26211078146931366
1.0,216.0,439.8036219581211,436.75099037917374,45.0,46.0,1767.0,59.0,0.3451535896068803
1.0,217.0,438.51452991452993,607.794301994302,44.0,46.0,1755.0,38.0,0.32589659429866574
1.0,218.0,443.53741152679476,865.9772497472194,56.0,47.0,1978.0,96.0,0.4930107479160139
1.0,219.0,440.5808133472367,20.626173096976018,46.0,44.0,1918.0,32.0,0.35258059560731086
1.0,220.0,439.2289218191109,822.5201839550332,48.0,50.0,1957.0,38.0,0.3730421121476331
1.0,221.0,440.45159574468084,108.08563829787234,44.0,47.0,1880.0,40.0,0.3829946615466774
1.0,222.0,452.03295310519644,234.1850443599493,87.0,67.0,1578.0,120.0,0.6990137093600339
1.0,223.0,440.2953056768559,524.4475982532751,45.0,46.0,1832.0,44.0,0.38144223139679106
1.0,224.0,444.70127504553733,303.05646630236794,47.0,55.0,1647.0,70.0,0.7138447023920801
1.0,225.0,442.7623705408516,777.4913693901036,47.0,54.0,1738.0,69.0,0.3253386807024881
1.0,226.0,444.1307692307692,154.53956043956043,44.0,52.0,1820.0,41.0,0.551928465150915
1.0,227.0,443.7461368653422,349.72038263428993,38.0,50.0,1359.0,64.0,0.7193679745153089
1.0,228.0,446.56385945343,566.1048522030117,47.0,51.0,1793.0,87.0,0.210192141499127
1.0,229.0,460.01793525809273,719.1049868766404,82.0,112.0,2286.0,190.0,0.8910497318213105
1.0,230.0,465.79824561403507,271.91520467836256,56.0,48.0,1710.0,51.0,0.6821008270605081
1.0,231.0,477.17446043165467,733.2347122302158,62.0,44.0,1112.0,76.0,0.7797855557264425
1.0,232.0,476.93256059009485,190.18229715489989,50.0,48.0,1898.0,48.0,0.33109332629688
1.0,233.0,481.6290502793296,654.0022346368715,51.0,67.0,1790.0,158.0,0.6123036608183412
1.0,234.0,477.73760932944606,354.96209912536443,43.0,48.0,1715.0,38.0,0.4140741732461809
1.0,235.0,480.8957671957672,810.9645502645502,52.0,50.0,1890.0,44.0,0.4152469125267327
1.0,236.0,482.1774370208105,395.4167579408543,61.0,43.0,1826.0,124.0,0.6052944235744673
1.0,237.0,480.7294713160855,61.54611923509561,45.0,45.0,1778.0,34.0,0.2745063588668083
1.0,238.0,480.3219592735278,610.6130985140342,46.0,49.0,1817.0,49.0,0.2731379144985261
1.0,239.0,482.5970231532525,103.4470782800441,46.0,44.0,1814.0,39.0,0.14830215095089216
1.0,240.0,484.0146809712027,146.16883116883116,45.0,46.0,1771.0,40.0,0.4213798066447507
1.0,241.0,487.7425860023725,232.88315539739028,54.0,51.0,1686.0,101.0,0.35770536138277503
1.0,242.0,479.84420928865376,436.65432098765433,42.0,46.0,1701.0,37.0,0.3846684518282864
1.0,243.0,481.3224043715847,907.9816194734227,44.0,49.0,2013.0,36.0,0.43197759234987615
1.0,244.0,486.89526847421587,312.14088250930354,48.0,53.0,1881.0,50.0,0.3934800432670789
1.0,245.0,481.6867662753468,480.7785485592316,45.0,46.0,1874.0,32.0,0.23921168410624047
1.0,246.0,484.29421308815574,523.5570578691185,46.0,44.0,1849.0,39.0,0.2599933488814759
1.0,247.0,488.3397502601457,768.5848074921956,54.0,48.0,1922.0,45.0,0.5370119688281025
1.0,248.0,485.77180156657965,858.8616187989556,48.0,51.0,1915.0,43.0,0.4737203996314279
1.0,249.0,486.55491931285786,20.25507548152004,47.0,44.0,1921.0,30.0,0.4268659630066544
1.0,250.0,486.92873563218393,566.8867816091954,44.0,46.0,1740.0,39.0,0.4576976888844952
1.0,251.0,509.7949319568278,689.9643359924918,65.0,50.0,2131.0,65.0,0.6988023781402994
1.0,252.0,515.6082687338501,270.64754521963823,51.0,51.0,1935.0,172.0,0.3930314870195137
1.0,253.0,557.1736979166667,720.4364583333333,167.0,101.0,3840.0,194.0,0.9428731970143397
1.0,254.0,522.6388746803069,824.9406649616368,57.0,50.0,1955.0,126.0,0.4623546688588735
1.0,255.0,520.0595167943429,436.13553329404834,48.0,47.0,1697.0,156.0,0.4642382712145127
1.0,256.0,518.4348773841962,356.3525885558583,44.0,50.0,1835.0,68.0,0.3785834111451107
1.0,257.0,524.2097862767154,646.8667041619798,53.0,49.0,1778.0,59.0,0.4959546156533499
1.0,258.0,521.0797644539615,188.74946466809422,45.0,48.0,1868.0,40.0,0.35628260210116414
1.0,259.0,523.3075208913649,605.2044568245126,47.0,44.0,1795.0,40.0,0.27017788579218416
1.0,260.0,523.7955531453363,64.22939262472885,48.0,46.0,1844.0,34.0,0.40265444157615504
1.0,261.0,530.7355718782791,397.6343126967471,53.0,49.0,1906.0,61.0,0.560182481989675
1.0,262.0,524.7593495934959,476.69376693766935,48.0,47.0,1845.0,34.0,0.360534946174559
1.0,263.0,526.88228761799,869.1626873958912,50.0,46.0,1801.0,42.0,0.10533312895661065
1.0,264.0,523.8478140564472,910.8920863309353,46.0,44.0,1807.0,37.0,0.3166293352630083
1.0,265.0,525.6537598204264,106.31537598204265,48.0,42.0,1782.0,46.0,0.3299657712395785
1.0,266.0,525.0922897196261,147.4521028037383,43.0,44.0,1712.0,39.0,0.3044296959871097
1.0,267.0,527.6979613733905,519.7736051502146,49.0,45.0,1864.0,35.0,0.3016131972329253
1.0,268.0,527.5474985947161,562.6571107363687,45.0,45.0,1779.0,35.0,0.24639149796840165
1.0,269.0,552.1891009542943,780.2353088900051,87.0,105.0,3982.0,143.0,0.5893699902635031
1.0,270.0,529.630752571738,313.15484569572277,43.0,51.0,1847.0,48.0,0.4005744834060217
1.0,271.0,535.3541570969223,19.45016077170418,60.0,46.0,2177.0,166.0,0.6637910518060006
1.0,272.0,534.6859421734796,230.3913260219342,52.0,52.0,2006.0,53.0,0.4189885908556499
1.0,273.0,566.8163471241171,652.5887991927347,64.0,61.0,1982.0,133.0,0.7108914370878734
1.0,274.0,562.7114337568058,696.5421960072596,61.0,51.0,2204.0,91.0,0.6043764920758898
1.0,275.0,562.5795034337032,356.9582673005811,49.0,51.0,1893.0,156.0,0.2546058864092017
1.0,276.0,563.2898936170212,273.23989361702127,57.0,52.0,1880.0,61.0,0.47836216517579544
1.0,277.0,563.8141086749285,732.2040038131554,50.0,37.0,1049.0,58.0,0.8376105275339071
1.0,278.0,565.043309002433,441.8360097323601,50.0,51.0,2055.0,38.0,0.40265232738652423
1.0,279.0,560.8657407407408,609.4398148148148,45.0,45.0,1296.0,55.0,0.7159706001237304
1.0,280.0,565.4297566371681,858.1039823008849,47.0,50.0,1808.0,118.0,0.5645630057272916
1.0,281.0,566.3259459459459,52.25783783783784,49.0,55.0,1850.0,38.0,0.4495267797401894
1.0,282.0,568.220746039857,487.0316811446091,50.0,48.0,1957.0,34.0,0.29236855442998394
1.0,283.0,568.110599078341,98.03072196620583,49.0,48.0,1953.0,60.0,0.3260483666137301
1.0,284.0,565.8554277138569,190.93896948474236,46.0,52.0,1999.0,43.0,0.4104806438225765
1.0,285.0,566.762114537445,906.8497307880568,45.0,50.0,2043.0,39.0,0.49477747290604335
1.0,286.0,566.5023622047244,144.57060367454068,43.0,46.0,1905.0,38.0,0.40674567063970063
1.0,287.0,569.162213740458,530.6361323155216,48.0,41.0,1572.0,160.0,0.3372212280871242
1.0,288.0,570.3256189451023,570.5914962325081,49.0,44.0,1858.0,37.0,0.35071870520285653
1.0,289.0,571.4676395939086,814.8908629441624,45.0,58.0,1576.0,71.0,0.6499209509808178
1.0,290.0,571.8735310576385,315.13654168998323,43.0,48.0,1787.0,127.0,0.2735112246614486
1.0,291.0,579.471028971029,398.8801198801199,54.0,52.0,2002.0,55.0,0.45769233626399813
1.0,292.0,593.5540275049116,19.32956777996071,63.0,46.0,2036.0,84.0,0.6254892629371557
1.0,293.0,595.8308345827087,246.66716641679162,71.0,92.0,4002.0,202.0,0.7190903799429748
1.0,294.0,600.2830783078308,613.1723672367236,54.0,64.0,2222.0,104.0,0.5822656222460899
1.0,295.0,609.4929356357928,64.55206698063841,48.0,50.0,1911.0,145.0,0.3757949901923696
1.0,296.0,605.7710712343666,863.1337683523655,45.0,49.0,1839.0,81.0,0.4389435379904295
1.0,297.0,606.8421615837347,359.9780631353665,49.0,57.0,1869.0,65.0,0.4271548786226551
1.0,298.0,610.1113456464379,521.2559366754617,53.0,47.0,1895.0,38.0,0.40149524995677977
1.0,299.0,613.7886917044985,665.6851011143211,63.0,66.0,2423.0,92.0,0.6696947480274938
1.0,300.0,608.5183006535948,106.56209150326798,42.0,41.0,1530.0,130.0,0.3740966315270216
1.0,301.0,609.7162375197057,187.38045191802416,51.0,52.0,1903.0,152.0,0.28192102210099723
1.0,302.0,608.6888657648283,908.6800208116546,44.0,47.0,1922.0,46.0,0.4269276976488927
1.0,303.0,609.0502569960023,145.20217018846373,47.0,42.0,1751.0,45.0,0.47488067286869595
1.0,304.0,609.65141187926,436.18451801363193,46.0,65.0,2054.0,137.0,0.6577001532117849
1.0,305.0,613.2415885273028,480.2801985659128,50.0,45.0,1813.0,49.0,0.4438410764441356
1.0,306.0,607.3354540196646,770.7073452862927,42.0,55.0,1729.0,80.0,0.5911406110434536
1.0,307.0,613.5146137787057,313.81941544885177,50.0,56.0,1916.0,63.0,0.3523389419448896
1.0,308.0,612.1615487316421,561.417222963952,54.0,45.0,1498.0,59.0,0.6944881364267045
1.0,309.0,607.6875,729.4224137931035,38.0,49.0,928.0,154.0,0.826059254262243
1.0,310.0,613.6166394779772,817.9222403480152,43.0,52.0,1839.0,50.0,0.5353592329899719
1.0,311.0,637.6540659340659,394.3169230769231,57.0,53.0,2275.0,163.0,0.4662702077372571
1.0,312.0,647.2999532054282,211.00701918577445,67.0,99.0,2137.0,164.0,0.7729252128699374
1.0,313.0,648.466310873916,574.5496997998666,78.0,58.0,1499.0,130.0,0.8714341888435947
1.0,314.0,650.6660412757974,297.4427767354597,60.0,66.0,1599.0,149.0,0.5523773915916164
1.0,315.0,648.8393129770992,730.9347328244274,114.0,123.0,2620.0,181.0,0.7435644096634477
1.0,316.0,641.9959778783308,20.49069884364002,50.0,45.0,1989.0,80.0,0.46925922288278615
1.0,317.0,642.4470482199189,617.5200540784138,49.0,67.0,2219.0,53.0,0.7457434053720509
1.0,318.0,650.3151635282458,345.0480673934589,53.0,55.0,2018.0,43.0,0.5240861629813685
1.0,319.0,647.8134845620668,782.5595463137996,49.0,54.0,1587.0,118.0,0.6148661968503839
1.0,320.0,648.0139002452985,251.85895339329517,55.0,94.0,2446.0,176.0,0.8295278514264093
1.0,321.0,647.3797195253505,866.1704422869472,44.0,47.0,1854.0,37.0,0.2465922035506262
1.0,322.0,651.12215628091,157.19436201780417,49.0,53.0,2022.0,40.0,0.5207563245004613
1.0,323.0,650.4903033316758,108.08155146693187,47.0,47.0,2011.0,39.0,0.32108289594009964
1.0,324.0,654.3723300970873,534.6645631067961,57.0,52.0,2060.0,37.0,0.26472010309906596
1.0,325.0,655.6510474090408,690.8974641675854,64.0,68.0,1814.0,175.0,0.5179005437429097
1.0,326.0,651.8587724063009,62.92178164041282,43.0,48.0,1841.0,39.0,0.3390289896722609
1.0,327.0,650.7370713119216,909.6156777354382,42.0,45.0,1837.0,36.0,0.32623920609937335
1.0,328.0,652.5187304890738,439.8413111342352,46.0,51.0,1922.0,45.0,0.43891438451609827
1.0,329.0,654.3163152053274,823.0188679245283,45.0,48.0,1802.0,71.0,0.40304101857259667
1.0,330.0,657.8877209746774,486.13999044433825,54.0,50.0,2093.0,82.0,0.4696448641861292
1.0,331.0,680.2854387656702,644.5734490517518,69.0,105.0,3111.0,152.0,0.872629528871787
1.0,332.0,683.6125211505922,726.9230118443317,53.0,66.0,2364.0,95.0,0.6508245714693416
1.0,333.0,687.4591722595078,363.5313199105145,55.0,47.0,1788.0,51.0,0.4731090559075796
1.0,334.0,693.6377005347593,232.8614081996435,60.0,44.0,2244.0,56.0,0.6158315294577893
1.0,335.0,687.089443577743,403.7420696827873,52.0,45.0,1923.0,39.0,0.4483233353826462
1.0,336.0,688.5582264957264,20.15491452991453,47.0,43.0,1872.0,39.0,0.37767770784958277
1.0,337.0,692.1774287376381,274.3449680046539,53.0,45.0,1719.0,51.0,0.5114628403734924
1.0,338.0,693.1074845244794,188.49971862689927,50.0,44.0,1777.0,55.0,0.4143042462143364
1.0,339.0,691.9742324561404,144.72478070175438,49.0,44.0,1824.0,49.0,0.3583976699183316
1.0,340.0,697.607617360496,319.3835252435784,64.0,57.0,2258.0,190.0,0.41816360274044906
1.0,341.0,696.0385823239121,511.39120681920144,56.0,63.0,2229.0,50.0,0.6141952849371135
1.0,342.0,692.3524004085801,573.899897854954,48.0,30.0,979.0,55.0,0.8676145098318389
1.0,343.0,689.852608929532,865.5153308230231,44.0,48.0,1859.0,46.0,0.4018164935170855
1.0,344.0,692.9241094475993,775.9798657718121,50.0,51.0,1937.0,98.0,0.39178772625765423
1.0,345.0,693.0005783689994,61.78484673221515,42.0,44.0,1729.0,42.0,0.32110147970318875
1.0,346.0,695.3775510204082,103.35660580021482,47.0,45.0,1862.0,43.0,0.3805428357825342
1.0,347.0,696.3092672413793,447.4811422413793,48.0,52.0,1856.0,51.0,0.348406974780629
1.0,348.0,693.3367412140575,613.1214057507988,54.0,48.0,1565.0,121.0,0.7547358392604895
1.0,349.0,693.2997375328084,909.548031496063,44.0,45.0,1905.0,40.0,0.23096795695024547
1.0,350.0,696.8436043500777,820.7364060072501,45.0,52.0,1931.0,71.0,0.4034362418561313
1.0,351.0,729.9145463274124,595.2501200192031,94.0,67.0,2083.0,169.0,0.6631996829849337
1.0,352.0,714.2124072825354,556.9649359406608,66.0,45.0,1483.0,200.0,0.8749247172517037
1.0,353.0,727.1545893719807,481.16287094547965,100.0,71.0,1449.0,128.0,0.8287613484610704
1.0,354.0,730.5725806451613,693.1939964157706,64.0,54.0,2232.0,105.0,0.655391116987581
1.0,355.0,732.956108597285,645.6452488687783,77.0,62.0,2210.0,168.0,0.5485840299411456
1.0,356.0,726.9132344865459,737.2861065348709,49.0,47.0,1821.0,85.0,0.27023954116768795
1.0,357.0,744.7496411139822,335.6434108527132,78.0,93.0,3483.0,200.0,0.8133977160514122
1.0,358.0,732.0126643935704,394.45737944471506,51.0,49.0,2053.0,52.0,0.380944681649357
1.0,359.0,732.4695270599708,284.289614822038,46.0,64.0,2051.0,64.0,0.7415095219034361
1.0,360.0,738.1990171990172,538.970515970516,54.0,63.0,1628.0,67.0,0.6669647766560522
1.0,361.0,733.2562979189486,19.99616648411829,47.0,43.0,1826.0,36.0,0.37198985456954825
1.0,362.0,733.2540805223068,194.1893362350381,46.0,50.0,1838.0,47.0,0.4794886141678394
1.0,363.0,732.0769644779333,864.0888051668461,43.0,49.0,1858.0,48.0,0.3823224201589452
1.0,364.0,735.355905511811,150.13700787401575,50.0,47.0,1905.0,44.0,0.4330982875669181
1.0,365.0,736.6987447698745,440.57374476987445,50.0,50.0,1912.0,43.0,0.4018305211090612
1.0,366.0,734.8656554712893,62.21235102925244,47.0,46.0,1846.0,57.0,0.45741423380574425
1.0,367.0,737.6326086956522,778.0907608695652,47.0,47.0,1840.0,103.0,0.47179533993786904
1.0,368.0,739.6875,493.37281976744185,58.0,45.0,1376.0,68.0,0.7130131466362806
1.0,369.0,737.7551020408164,908.9188532555879,46.0,47.0,2058.0,36.0,0.16293325871343284
1.0,370.0,741.9369458128078,105.51527093596059,57.0,46.0,2030.0,179.0,0.5989636844657165
1.0,371.0,740.3802379720642,820.2964304190377,45.0,47.0,1933.0,44.0,0.23582721581170726
1.0,372.0,748.9352051835854,235.6609071274298,59.0,53.0,2315.0,64.0,0.608783409615994
1.0,373.0,779.7253171538886,570.5317153888583,76.0,150.0,3626.0,184.0,0.9124095105230298
1.0,374.0,767.4543010752689,634.195564516129,53.0,58.0,1488.0,100.0,0.7222359143177635
1.0,375.0,770.0231243576567,730.1844809866393,48.0,52.0,1946.0,44.0,0.3364929853673946
1.0,376.0,771.7772752967778,525.9423403052572,42.0,59.0,1769.0,51.0,0.7765417081672542
1.0,377.0,775.077616424637,405.07861792689033,50.0,51.0,1997.0,63.0,0.44175988809586325
1.0,378.0,776.8253275109171,137.0121300339641,50.0,59.0,2061.0,79.0,0.624655607289993
1.0,379.0,779.9233102253033,686.1356152512998,58.0,54.0,2308.0,120.0,0.6491112983001459
1.0,380.0,777.0902527075813,72.27746260959258,50.0,57.0,1939.0,79.0,0.4842520668467766
1.0,381.0,777.2728494623656,276.68682795698925,49.0,69.0,2232.0,87.0,0.6441772540254828
1.0,382.0,777.2780913288866,453.2693689071319,50.0,59.0,1949.0,71.0,0.5512468659841224
1.0,383.0,776.9357930043124,24.210349784379492,47.0,49.0,2087.0,39.0,0.4316435479857576
1.0,384.0,776.5041512915129,188.8228782287823,47.0,59.0,2168.0,59.0,0.5798853611897643
1.0,385.0,774.256515074093,864.0214614205416,44.0,53.0,1957.0,42.0,0.4014768999722304
1.0,386.0,782.6861313868613,358.85839416058394,55.0,54.0,2055.0,62.0,0.4548118089351902
1.0,387.0,779.9802981895633,775.7768903088391,47.0,53.0,1878.0,78.0,0.4030585068316062
1.0,388.0,785.7414874551971,909.2683691756272,51.0,48.0,2232.0,41.0,0.4301761146843031
1.0,389.0,786.7996108949417,819.796206225681,48.0,51.0,2056.0,64.0,0.2550547689955965
1.0,390.0,806.40780306549,317.3794705062703,57.0,56.0,2153.0,60.0,0.3986169635842981
1.0,391.0,808.997920997921,103.69906444906445,56.0,50.0,1924.0,65.0,0.47772690506750887
1.0,392.0,806.3450764006791,232.15492359932088,59.0,58.0,2356.0,189.0,0.549980095413305
1.0,393.0,810.415210688592,481.54367934224047,60.0,49.0,1946.0,72.0,0.6220116398400287
1.0,394.0,809.5625294950448,651.4138744690891,57.0,57.0,2119.0,118.0,0.37771970713460523
1.0,395.0,813.412632549562,734.1885661595205,52.0,64.0,2169.0,159.0,0.5507310697407768
1.0,396.0,819.2857142857143,395.04395604395603,56.0,49.0,1911.0,169.0,0.546742971921174
1.0,397.0,820.9995014955134,437.5483549351944,53.0,50.0,2006.0,39.0,0.34485319191579045
1.0,398.0,820.2104738154613,147.51970074812968,50.0,50.0,2005.0,43.0,0.49936987198746574
1.0,399.0,823.1481865284974,609.5264248704664,59.0,52.0,1930.0,95.0,0.5004543649501031
1.0,400.0,821.5971933471933,61.104469854469855,50.0,48.0,1924.0,43.0,0.4831357632452151
1.0,401.0,819.0850822461713,565.5150311968235,50.0,47.0,1763.0,44.0,0.46052293185475374
1.0,402.0,820.1499737808075,523.093864708967,51.0,47.0,1907.0,65.0,0.4691803337496049
1.0,403.0,820.3926380368098,19.428332403792528,47.0,41.0,1793.0,38.0,0.38515312911595717
1.0,404.0,818.6790065604498,865.7146204311152,48.0,57.0,2134.0,40.0,0.41788125554269934
1.0,405.0,823.7353086419753,191.57975308641974,47.0,53.0,2025.0,46.0,0.4179460215040997
1.0,406.0,825.4194499017682,274.9818271119843,50.0,57.0,2036.0,57.0,0.2820856439067907
1.0,407.0,826.0828673106254,778.8764616166751,54.0,53.0,1967.0,84.0,0.44773357074663955
1.0,408.0,825.4676375404531,355.68203883495147,38.0,54.0,1236.0,175.0,0.7504774008193895
1.0,409.0,838.3706747404844,688.0661764705883,60.0,59.0,2312.0,60.0,0.6052673001724251
1.0,410.0,834.958877600387,820.9535558780842,60.0,54.0,2067.0,64.0,0.3570079125643287
1.0,411.0,839.2165076731646,910.047283284944,61.0,51.0,2411.0,79.0,0.5382276703757032
1.0,412.0,876.0156815440289,780.0977080820265,103.0,87.0,3316.0,201.0,0.40755099872275147
1.0,413.0,856.5277638819409,104.46023011505753,50.0,49.0,1999.0,43.0,0.5010197412232763
1.0,414.0,859.8034709193246,316.11491557223263,57.0,47.0,2132.0,51.0,0.5899459939596988
1.0,415.0,859.563294117647,487.6192941176471,53.0,48.0,2125.0,107.0,0.48818150588751913
1.0,416.0,863.1582323592302,644.6004989308624,56.0,86.0,2806.0,163.0,0.779520007510672
1.0,417.0,862.9658703071673,582.4168088737201,59.0,56.0,2344.0,203.0,0.5197197902066673
1.0,418.0,860.08644973288,725.8057309373482,54.0,63.0,2059.0,151.0,0.6790959069731246
1.0,419.0,867.0426045016077,228.9119774919614,71.0,47.0,2488.0,202.0,0.8068172900689891
1.0,420.0,862.1673532440783,358.6081359423275,52.0,45.0,1942.0,46.0,0.4753972623243786
1.0,421.0,864.75061244488,533.8471337579617,52.0,50.0,2041.0,40.0,0.11924532157256772
1.0,422.0,865.794382617912,401.43190249072603,51.0,46.0,1887.0,57.0,0.2850406414328575
1.0,423.0,864.8646538261322,444.7699115044248,50.0,47.0,1921.0,38.0,0.2867158272621477
1.0,424.0,864.5156903765691,21.43357740585774,48.0,44.0,1912.0,34.0,0.25485861562262435
1.0,425.0,867.2099209202013,864.7688713156003,48.0,85.0,2782.0,134.0,0.8057497476136201
1.0,426.0,865.5578446909667,145.12731114632857,48.0,48.0,1893.0,42.0,0.5173266138983927
1.0,427.0,866.9663461538462,64.11858974358974,47.0,47.0,1872.0,52.0,0.45776633719015586
1.0,428.0,868.3236514522822,187.73236514522821,51.0,46.0,1928.0,44.0,0.3473125607984164
1.0,429.0,869.8394083465399,273.35340729001587,51.0,50.0,1893.0,46.0,0.41240613519143526
1.0,430.0,906.2276295133438,810.8324175824176,62.0,62.0,2548.0,136.0,0.6312222833876119
1.0,431.0,902.2127496159754,909.6562980030722,62.0,49.0,2604.0,74.0,0.6216452096425893
1.0,432.0,906.6448687350835,611.2801909307876,57.0,51.0,2095.0,102.0,0.5543540820750313
1.0,433.0,903.8295096716149,697.412505623032,56.0,53.0,2223.0,63.0,0.4729444281945012
1.0,434.0,909.6287425149701,742.8545765611634,56.0,82.0,2338.0,140.0,0.4297222777821045
1.0,435.0,907.908481073311,654.9784379492094,53.0,47.0,2087.0,62.0,0.4905117832919961
1.0,436.0,908.5030849549122,565.874228761272,52.0,49.0,2107.0,43.0,0.4367836608846502
1.0,437.0,908.0769230769231,520.3758519961052,51.0,49.0,2054.0,89.0,0.4827314053719162
1.0,438.0,907.1242067089755,105.5494106980961,50.0,48.0,2206.0,41.0,0.3383276565312989
1.0,439.0,909.4905094905095,301.7067932067932,50.0,49.0,2002.0,149.0,0.33256807252190096
1.0,440.0,908.1174603174603,347.50975056689344,50.0,49.0,2205.0,38.0,0.24751454997738867
1.0,441.0,908.3303477344573,478.35194942044257,50.0,44.0,1898.0,40.0,0.5602626227801213
1.0,442.0,910.5192754296331,252.33813283790062,49.0,54.0,2153.0,70.0,0.5073872838626299
1.0,443.0,908.6785283474065,17.76357056694813,47.0,39.0,1658.0,79.0,0.5736223270915707
1.0,444.0,909.5542521994134,152.10752688172042,47.0,49.0,2046.0,39.0,0.3833729081670283
1.0,445.0,909.4924165824065,393.5273003033367,47.0,46.0,1978.0,35.0,0.28849750883332387
1.0,446.0,909.2608462774505,436.98018211033747,47.0,43.0,1867.0,34.0,0.40924826754216187
1.0,447.0,910.4110275689223,59.19649122807017,46.0,50.0,1995.0,35.0,0.36816236904962196
1.0,448.0,913.2174392935982,198.8062913907285,44.0,53.0,1812.0,88.0,0.6336822556695376
1.0,449.0,911.108615948671,860.7195233730522,43.0,57.0,2182.0,49.0,0.5586649334392125
